Mood,Tempo (BPM),Energy (RMS),Timbre (Centroid)
angry,129.19921875,0.14853115,2627.886528019956
angry,135.99917763157896,0.1253993,2588.197754279237
angry,129.19921875,0.20638531,2528.320543371289
angry,161.4990234375,0.2852711,2082.8141730717775
angry,135.99917763157896,0.15085469,2183.8143141262412
angry,86.1328125,0.29395178,2285.1958627418944
angry,129.19921875,0.16714098,1755.676487012627
angry,143.5546875,0.119964525,2243.488443271354
angry,161.4990234375,0.23368329,2080.333099394389
angry,135.99917763157896,0.21802534,2303.990897432432
angry,123.046875,0.18067843,2415.6471313825514
angry,135.99917763157896,0.11331358,2621.2779925793807
angry,151.99908088235293,0.23064952,2132.149678811345
angry,117.45383522727273,0.27386633,2519.164078495349
angry,135.99917763157896,0.3928198,2415.9668415798205
angry,117.45383522727273,0.23224488,2573.9062075004595
angry,143.5546875,0.14523253,2488.0815846802197
angry,161.4990234375,0.19114766,1391.4839281620436
angry,151.99908088235293,0.28264746,2750.1826379722097
angry,86.1328125,0.26365873,2272.1049104752087
angry,112.34714673913044,0.19374251,3203.694186655123
angry,135.99917763157896,0.3959575,2401.3106834717
angry,151.99908088235293,0.24285369,2594.14199312732
angry,143.5546875,0.14224479,2021.5902916688083
angry,103.359375,0.17771429,2651.7030753145687
angry,143.5546875,0.26128733,2001.6341056215513
angry,95.703125,0.14983486,1732.985284727643
angry,86.1328125,0.29199412,2249.4843662889443
angry,172.265625,0.22099188,2555.765513205742
angry,172.265625,0.14632067,1889.2276611496227
angry,117.45383522727273,0.11906761,2027.5530298975063
angry,117.45383522727273,0.23539354,2203.7226369024297
angry,117.45383522727273,0.189297,2044.4457669411172
angry,103.359375,0.29908553,2183.88486738288
angry,135.99917763157896,0.1176773,2690.99726834269
angry,135.99917763157896,0.2145207,2507.94756122915
angry,123.046875,0.3234094,1801.115043671662
angry,95.703125,0.2860544,1866.752038624154
angry,71.77734375,0.24548085,1417.3987222587048
angry,151.99908088235293,0.24710022,2335.175628804279
angry,151.99908088235293,0.020301422,2631.54167679163
angry,135.99917763157896,0.23757577,2557.592718147897
angry,99.38401442307692,0.11280731,1464.5556575184949
angry,151.99908088235293,0.3622966,2647.1147041683184
angry,112.34714673913044,0.11394163,2661.701704911632
angry,143.5546875,0.17224236,2124.6084559732403
angry,112.34714673913044,0.15034978,2105.683187977005
angry,107.666015625,0.18072662,1857.9572204820777
angry,89.10290948275862,0.23790327,2113.0535070029528
angry,143.5546875,0.107610136,1509.840706333317
happy,129.19921875,0.3049713,2953.0347311731152
happy,129.19921875,0.09683081,2305.679864601318
happy,107.666015625,0.22048546,2641.4042110892924
happy,184.5703125,0.25120202,2314.9110429467087
happy,129.19921875,0.25087428,2578.7724202131017
happy,95.703125,0.20207424,2161.345678886703
happy,107.666015625,0.30826184,2274.7182926355686
happy,129.19921875,0.23630987,2140.503289639398
happy,172.265625,0.23652336,2557.2290259935294
happy,123.046875,0.23266473,2483.6431367730356
happy,117.45383522727273,0.18975495,2129.4439352241634
happy,112.34714673913044,0.24383458,2598.314869650963
happy,95.703125,0.251331,2694.0346049575255
happy,129.19921875,0.12213905,2556.1829824163256
happy,129.19921875,0.08295666,2773.9978757196322
happy,123.046875,0.21753864,2488.948041164741
happy,151.99908088235293,0.19864035,2171.96685012005
happy,112.34714673913044,0.27875814,2476.9800667570485
happy,86.1328125,0.193075,2803.068370127811
happy,89.10290948275862,0.14229244,2452.99571418746
happy,103.359375,0.23999627,2292.576063430003
happy,103.359375,0.12862442,3017.4047458102377
happy,99.38401442307692,0.11778663,2950.730622784167
happy,103.359375,0.21193779,2141.334322393475
happy,161.4990234375,0.23316571,2189.835396147895
happy,112.34714673913044,0.26640144,1697.7409045060995
happy,123.046875,0.2503609,1997.0197567407602
happy,123.046875,0.24860243,2581.4731327275085
happy,172.265625,0.1253985,2922.6186746167655
happy,161.4990234375,0.22908247,2100.1508164496768
happy,172.265625,0.293088,1669.152003373029
happy,172.265625,0.23776945,3132.3225778868236
happy,135.99917763157896,0.26605216,2283.167619886539
happy,99.38401442307692,0.20479132,2404.7134893443013
happy,95.703125,0.17688526,2213.6570758793464
happy,117.45383522727273,0.039616026,2290.3609365764273
happy,117.45383522727273,0.23013227,2360.677271512013
happy,80.74951171875,0.19362418,2136.9445283290615
happy,143.5546875,0.21747331,1887.8750458477214
happy,151.99908088235293,0.16043241,2604.966186196437
happy,117.45383522727273,0.10859592,2135.725046901975
happy,123.046875,0.17910567,2461.5348456299407
happy,117.45383522727273,0.24352963,1661.7079148903415
happy,129.19921875,0.21052122,2435.9069164965863
happy,95.703125,0.19693695,2634.1094151015727
happy,86.1328125,0.20294258,1939.4120454153256
happy,99.38401442307692,0.3581337,2326.59101495573
happy,143.5546875,0.3260883,2717.0846878950556
happy,103.359375,0.23178631,2644.913967397695
happy,107.666015625,0.11234697,2642.0848363643945
relaxed,86.1328125,0.22061983,1427.927626300893
relaxed,123.046875,0.08888861,1162.8612150088966
relaxed,92.28515625,0.176973,2119.766312843908
relaxed,103.359375,0.2794894,1730.9328946577411
relaxed,135.99917763157896,0.2413333,1452.6416608005857
relaxed,73.828125,0.1747978,1477.619429705156
relaxed,143.5546875,0.20783703,1696.772464125
relaxed,129.19921875,0.10944276,1186.361926927007
relaxed,161.4990234375,0.19033721,1841.2795547408502
relaxed,89.10290948275862,0.26135817,1531.5994049273004
relaxed,129.19921875,0.16529354,1422.1447440990926
relaxed,61.5234375,0.21916363,1188.7095608357085
relaxed,143.5546875,0.27363032,1453.2858017089686
relaxed,95.703125,0.24015732,1992.9082655827733
relaxed,103.359375,0.20045602,2010.415335734223
relaxed,151.99908088235293,0.25306657,2590.937570886699
relaxed,103.359375,0.2672714,1664.33703407482
relaxed,117.45383522727273,0.24699292,1685.2801559496372
relaxed,123.046875,0.23813437,1664.2071727686343
relaxed,63.02400914634146,0.2805556,2218.416136665234
relaxed,83.35433467741936,0.10901647,1735.9941345953928
relaxed,75.99954044117646,0.21071513,1855.910351326968
relaxed,143.5546875,0.2982309,1859.5505828473067
relaxed,135.99917763157896,0.2564865,1416.4285357848166
relaxed,123.046875,0.20491078,1375.929366361456
relaxed,99.38401442307692,0.23437335,2451.539049166693
relaxed,117.45383522727273,0.12140887,1007.1100018466669
relaxed,73.828125,0.17892097,1698.7226976664815
relaxed,161.4990234375,0.22507739,1717.9939083872887
relaxed,151.99908088235293,0.23520826,1640.9108298809917
relaxed,161.4990234375,0.21819182,2459.2042700999073
relaxed,89.10290948275862,0.23741814,2225.6960371740292
relaxed,117.45383522727273,0.21478935,1973.968845861698
relaxed,69.83741554054055,0.18254492,1257.0962106635418
relaxed,151.99908088235293,0.23752275,2053.4007180349895
relaxed,107.666015625,0.28300622,1563.1121993533532
relaxed,112.34714673913044,0.26509205,1708.7886711350427
relaxed,89.10290948275862,0.19132128,1847.3965596135902
relaxed,117.45383522727273,0.18056124,1722.5857841680147
relaxed,95.703125,0.18695119,1792.3549180749135
relaxed,123.046875,0.20298374,1999.1870863623762
relaxed,112.34714673913044,0.20555852,2091.7334431923973
relaxed,99.38401442307692,0.11994365,1681.4900239739318
relaxed,92.28515625,0.3326516,2142.044388833816
relaxed,103.359375,0.24979873,1795.1379108944896
relaxed,99.38401442307692,0.17740178,1657.2016287578342
relaxed,151.99908088235293,0.089848794,2011.7739729584835
relaxed,112.34714673913044,0.09391532,1499.6546791331023
relaxed,161.4990234375,0.30672136,1831.2219679580442
relaxed,95.703125,0.25715008,1829.1258591427597
sad,161.4990234375,0.18021576,1747.1606936026014
sad,92.28515625,0.109522834,1835.942348717107
sad,143.5546875,0.18855387,1792.3838059192744
sad,73.828125,0.13201293,1577.1036662303225
sad,92.28515625,0.106908865,1888.6115815011206
sad,78.30255681818181,0.20551378,1776.4618030436154
sad,63.02400914634146,0.2407229,2191.9365068929937
sad,107.666015625,0.1808839,1623.109655444505
sad,117.45383522727273,0.22292946,2024.0542447829484
sad,184.5703125,0.09059614,2043.0191613815196
sad,95.703125,0.12780179,2270.414839220119
sad,107.666015625,0.21417059,1908.022998226592
sad,151.99908088235293,0.20855011,2231.6698114721717
sad,86.1328125,0.15696923,1911.2287520581285
sad,92.28515625,0.14164785,1819.2419747434524
sad,112.34714673913044,0.24139275,1482.5614522061926
sad,172.265625,0.19299702,1696.1103004105212
sad,123.046875,0.19098084,2072.853794128388
sad,83.35433467741936,0.22038372,1550.5422380893854
sad,89.10290948275862,0.23929898,2092.158291420682
sad,123.046875,0.18195929,1627.2709297532424
sad,117.45383522727273,0.09147856,1821.6651254673272
sad,143.5546875,0.22414419,2724.2118961485285
sad,129.19921875,0.09940273,1666.3208501033137
sad,117.45383522727273,0.12744322,1428.5628415369367
sad,86.1328125,0.17963389,2213.5202708541124
sad,92.28515625,0.23032948,2102.291622827347
sad,143.5546875,0.21159312,2128.4168500240407
sad,129.19921875,0.22084534,1476.3545726142088
sad,60.09265988372093,0.24503787,776.3323955246505
sad,129.19921875,0.11151838,1627.3363559528996
sad,66.25600961538461,0.22649646,1369.2440120393615
sad,161.4990234375,0.21358523,2096.5069647415157
sad,151.99908088235293,0.22268167,2170.295914099548
sad,80.74951171875,0.23783013,2094.127764318999
sad,172.265625,0.2624095,2233.9783782792865
sad,161.4990234375,0.14851809,2122.107763994848
sad,135.99917763157896,0.11577691,986.0428002782769
sad,99.38401442307692,0.20954354,2303.731750448916
sad,123.046875,0.18912385,1526.0251364013832
sad,73.828125,0.15069659,1777.559056977084
sad,107.666015625,0.20400132,1435.756042845629
sad,64.599609375,0.1750371,1420.9306145143328
sad,151.99908088235293,0.1498416,2181.678496110748
sad,89.10290948275862,0.07523493,2480.6406249812344
sad,151.99908088235293,0.203797,1810.6678189589456
sad,78.30255681818181,0.3024316,2009.3752286363065
sad,86.1328125,0.23205067,1454.5946216321622
sad,117.45383522727273,0.30158043,1843.1294930009908
sad,92.28515625,0.13270201,389.3889988603778
