sample_id,run,stage1_pred,s1_feat_ms,s1_inf_ms,s1_total_ms,s2a_audio_feat_ms,s2a_txt_ms,s2a_inf_ms,s2a_total_ms,s2b_tok_ms,s2b_inf_ms,s2b_total_ms,pipeline_ms
0,0,high,847.5029999972321,2.170699997805059,849.6736999950372,1193.4856999723706,173.60280000139028,26.435099978698418,1393.5235999524593,2.896199992392212,1210.5580999923404,1213.4542999847326,2243.1972999474965
0,1,high,561.1561999830883,0.8631999953649938,562.0193999784533,795.7162999955472,63.729100016644225,22.934399981750175,882.3797999939416,1.6890999977476895,307.96139998710714,309.65049998485483,1444.3991999723949
0,2,high,362.192899978254,0.9141000045929104,363.1069999828469,522.3423999850638,49.120500014396384,23.206799989566207,594.6696999890264,1.4828999992460012,284.87639999366365,286.35929999290965,957.7766999718733
0,3,high,310.41380000533536,0.7912000000942498,311.2050000054296,549.7916000022087,52.60170000838116,17.78510000440292,620.1784000149928,1.4313999854493886,569.1660000011325,570.5973999865819,931.3834000204224
0,4,high,314.21760001103394,1.136700011556968,315.3543000225909,556.7336999811232,57.41959999431856,23.027799994451925,637.1810999698937,1.5668000269215554,299.6982999902684,301.26510001719,952.5353999924846
1,0,high,303.47849999088794,1.115499995648861,304.5939999865368,616.1507999931928,108.49930002586916,13.754299987340346,738.4044000064023,1.298899995163083,329.1927999816835,330.4916999768466,1042.998399992939
1,1,high,220.37539997836575,1.0092000011354685,221.38459997950122,382.1950999845285,49.748600024031475,21.94969999254681,453.8934000011068,1.6823000041767955,322.08749998244457,323.76979998662136,675.277999980608
1,2,high,244.1592999966815,0.9288000001106411,245.08809999679215,358.666699990863,57.34850000590086,18.18529999582097,434.2004999925848,1.3407999940682203,336.04369999375194,337.38449998782016,679.288599989377
1,3,high,221.03780001634732,0.9148999815806746,221.952699997928,403.63780001644045,57.74389998987317,15.018000005511567,476.3997000118252,1.2662999797612429,288.71339999022894,289.9796999699902,698.3524000097532
1,4,high,229.62870000628754,0.8879000088199973,230.51660001510754,389.5998999942094,64.26829998963512,202.2237000055611,656.0918999894056,9.011399990413338,513.6868999979924,522.6982999884058,886.6085000045132
2,0,high,190.3108999831602,0.9128999954555184,191.22379997861572,332.07810000749305,87.62159998877905,18.6282999929972,438.3279999892693,1.55570000060834,269.8489000031259,271.40460000373423,629.551799967885
2,1,high,226.6313000000082,0.9147000091616064,227.5460000091698,304.3331000080798,53.108899999642745,22.7115000016056,380.1535000093281,1.0753000096883625,256.95720000658184,258.0325000162702,607.6995000184979
2,2,high,206.69120000093244,0.7830999966245145,207.47429999755695,310.4435999994166,54.05909998808056,18.785799999022856,383.28849998652004,1.3085999817121774,274.2486000061035,275.5571999878157,590.762799984077
2,3,high,180.85659999633208,0.6544000061694533,181.51100000250153,302.24280001129955,50.78980000689626,15.65760001540184,368.69020003359765,1.440399995772168,266.8273000163026,268.2677000120748,550.2012000360992
2,4,high,207.18210001359694,0.9516999998595566,208.1338000134565,292.5443999993149,48.573499982012436,23.460399999748915,364.57829998107627,1.4601000002585351,300.76129999361,302.22139999386854,572.7120999945328
3,0,high,263.0370999977458,1.0504999954719096,264.08759999321774,385.2649000182282,76.66769999195822,15.105400001630187,477.0380000118166,1.174200006062165,213.28500000527129,214.45920001133345,741.1256000050344
3,1,high,219.78970000054687,1.204100000904873,220.99380000145175,379.74939998821355,51.44989999826066,21.97540001361631,453.1747000000905,1.2207000108901411,215.65260001807474,216.87330002896488,674.1685000015423
3,2,high,227.60819998802617,0.8679000020492822,228.47609999007545,472.4646999966353,51.66759999701753,23.56929998495616,547.701599978609,1.2298999936319888,208.44080002279952,209.6707000164315,776.1776999686845
3,3,high,227.97230002470315,0.8777000184636563,228.8500000431668,415.5386000056751,57.95439999201335,15.354300005128607,488.84730000281706,1.0655999940354377,214.27609998499975,215.34169997903518,717.6973000459839
3,4,high,216.9343999994453,1.039800001308322,217.97420000075363,391.40469999983907,53.400600008899346,23.715199989965186,468.5204999987036,1.184099994134158,211.53660002164543,212.72070001577958,686.4946999994572
4,0,high,272.73120000609197,0.8911000040825456,273.6223000101745,448.34390000323765,54.16880000848323,20.286699989810586,522.7994000015315,1.596999994944781,247.41149999317713,249.0084999881219,796.421700011706
4,1,high,297.3558999947272,0.9828000038396567,298.3386999985669,470.52630002144724,54.70639999839477,15.478000015718862,540.7107000355609,1.0929999989457428,241.37319999863394,242.46619999757968,839.0494000341278
4,2,high,285.5344999989029,0.8869000012055039,286.4214000001084,499.2097999784164,59.14570001186803,23.64200001466088,581.9975000049453,1.3168999867048115,239.35510002775118,240.672000014456,868.4189000050537
4,3,high,261.2871000019368,0.9726999851409346,262.2597999870777,491.2326000048779,47.86170000443235,26.799799990840256,565.8941000001505,1.552600006107241,284.31430002092384,285.8669000270311,828.1538999872282
4,4,high,249.15299998247065,0.883800006704405,250.03679998917505,430.8376999979373,52.60830000042915,15.000399987911806,498.44639998627827,1.1523999855853617,313.9458000077866,315.09819999337196,748.4831999754533
5,0,high,258.6322000133805,0.7954000029712915,259.4276000163518,391.90180000150576,56.09210001421161,18.82980001391843,466.8237000296358,1.5765999851282686,231.7542999808211,233.33089996594936,726.2513000459876
5,1,high,298.4762999985833,1.2919000000692904,299.76819999865256,433.8376999949105,57.570100005250424,22.890399995958433,514.2981999961194,0.8744999940972775,201.98109999182634,202.85559998592362,814.0663999947719
5,2,high,233.69590000947937,1.4531999768223614,235.14909998630174,439.7193999902811,50.49339999095537,23.550800018711016,513.7635999999475,1.142900000559166,199.57270001759753,200.7156000181567,748.9126999862492
5,3,high,205.8516000106465,1.097600004868582,206.9492000155151,462.2353999875486,76.21289999224246,23.57670001219958,562.0249999919906,1.1873999901581556,200.74850000673905,201.9358999968972,768.9742000075057
5,4,high,261.4954999880865,1.0216999799013138,262.51719996798784,386.90529999439605,55.64880001475103,23.222099989652634,465.7761999987997,1.1116999958176166,219.06020000460558,220.1719000004232,728.2933999667875
6,0,high,217.41099999053404,1.0432999988552183,218.45429998938926,378.0677999893669,91.16310000536032,23.84660000097938,493.0774999957066,1.853800000390038,292.5075000093784,294.36130000976846,711.5317999850959
6,1,high,214.7263000078965,1.031799998600036,215.75810000649653,370.1922000036575,57.08359999698587,24.230699986219406,451.50649998686276,1.263400015886873,306.24320000060834,307.5066000164952,667.2645999933593
6,2,high,237.87569999694824,0.9292000031564385,238.80490000010468,449.09340000594966,75.72880000225268,29.163199971662834,553.9853999798652,2.1022000000812113,345.33160002320074,347.43380002328195,792.7902999799699
6,3,high,250.48509999760427,1.1328999826218933,251.61799998022616,462.93490001698956,78.26440001372248,28.967099991859868,570.1664000225719,1.8097999854944646,357.649899990065,359.4596999755595,821.7844000027981
6,4,high,318.487999989884,2.5502999778836966,321.03829996776767,434.3706000072416,62.01699998928234,20.9278000111226,517.3154000076465,1.823099999455735,394.1105999983847,395.93369999784045,838.3536999754142
7,0,high,307.84290001611225,1.0752000089269131,308.91810002503917,369.22160000540316,92.77620000648312,21.575399994617328,483.5732000065036,3.6613999982364476,482.2851999779232,485.94659997615963,792.4913000315428
7,1,high,190.91410000692122,0.9305000130552799,191.8446000199765,361.1984000017401,97.63100001146086,24.989700003061444,483.8191000162624,1.9616000063251704,435.09340001037344,437.0550000166986,675.6637000362389
7,2,high,238.05260000517592,0.8787999977357686,238.9314000029117,395.7718999881763,74.37709998339415,28.096099995309487,498.24509996687993,1.3846000074408948,443.07280000066385,444.45740000810474,737.1764999697916
7,3,high,229.14129999116994,0.8175999973900616,229.95889998856,414.432499994291,89.00249999715015,31.388500006869435,534.8234999983106,2.6901999954134226,389.9276000156533,392.6178000110667,764.7823999868706
7,4,high,220.69819999160245,0.8633999968878925,221.56159998849034,339.2738999973517,82.53559999866411,15.117200004169717,436.9267000001855,1.723399996990338,343.7303999962751,345.4537999932654,658.4882999886759
8,0,high,253.4956999879796,0.9960999886970967,254.4917999766767,352.01959998812526,68.38809998589568,26.457400002982467,446.8650999770034,1.5759999805595726,225.65789998043329,227.23389996099286,701.3568999536801
8,1,high,212.66630000900477,1.167400012491271,213.83370002149604,366.64970000856556,63.47920000553131,29.832399974111468,459.96129998820834,1.4223000034689903,271.3142999855336,272.73659998900257,673.7950000097044
8,2,high,193.905399995856,0.9862000006251037,194.8915999964811,328.40050000231713,68.819700012682,29.666899994481355,426.8871000094805,1.2533999979496002,249.90610001259483,251.15950001054443,621.7787000059616
8,3,high,173.07099999743514,0.925799977267161,173.9967999747023,301.932600006694,68.07440001284704,25.08970000781119,395.0967000273522,1.5233000158332288,264.06330001191236,265.5866000277456,569.0935000020545
8,4,high,169.73899997537956,0.7543000101577491,170.4932999855373,312.83389998134226,59.98590000672266,24.131199985276908,396.9509999733418,1.3367999927140772,227.12809999939054,228.46489999210462,567.4442999588791
9,0,high,444.46359999710694,0.9057999996002764,445.3693999967072,804.4070999894757,102.09020000183955,16.12720001139678,922.624500002712,3.4927999950014055,313.415199983865,316.9079999788664,1367.9938999994192
9,1,high,466.4278000127524,0.8892000187188387,467.31700003147125,792.69210001803,80.11120001901872,30.192499980330467,902.9958000173792,1.6604999836999923,314.8430999717675,316.5035999554675,1370.3128000488505
9,2,high,499.4604999956209,1.1983000149484724,500.6588000105694,821.5435000020079,62.13000000570901,30.559200007701293,914.2327000154182,1.8325000128243119,315.3881999896839,317.22070000250824,1414.8915000259876
9,3,high,427.56360000930727,1.000799995381385,428.56440000468865,800.9803000022657,68.9509000221733,20.92459998675622,890.8558000111952,1.586200000019744,292.72639998816885,294.3125999881886,1319.420200015884
9,4,high,433.638400019845,1.0420000180602074,434.6804000379052,770.3469999833032,58.743500005220994,23.41950000845827,852.5099999969825,1.580600015586242,260.7459000137169,262.32650002930313,1287.1904000348877
10,0,low,249.23249997664243,0.9472999954596162,250.17979997210205,417.3091000120621,90.6097000115551,24.966800003312528,532.8856000269298,1.9417000003159046,309.9948999879416,311.9365999882575,562.1163999603596
10,1,low,237.94839999754913,0.9908000065479428,238.93920000409707,412.9244000068866,60.044299985747784,27.7875000028871,500.75619999552146,1.5405000012833625,290.9198999986984,292.46039999998175,531.3996000040788
10,2,low,240.93940001330338,0.8972999930847436,241.83670000638813,408.16210000775754,73.93350001075305,32.00279999873601,514.0984000172466,2.0009000145364553,319.579100003466,321.58000001800247,563.4167000243906
10,3,low,269.81789999990724,0.8722000056877732,270.690100005595,423.28550000092946,75.7545999949798,27.530799998203292,526.5708999941126,1.9164000113960356,287.5238000124227,289.44020002381876,560.1303000294138
10,4,low,247.35799999325536,0.9156999876722693,248.27369998092763,432.8084999870043,71.0949000203982,25.592099991627038,529.4954999990296,1.4965000154916197,290.36459999042563,291.86110000591725,540.1347999868449
11,0,high,396.6464000113774,0.7639999967068434,397.41040000808425,658.4204999962822,66.93840000662021,30.720400012796745,756.0793000156991,2.736199996434152,420.47979999915697,423.2159999955911,1153.4897000237834
11,1,high,445.83030001376756,1.0127999994438142,446.84310001321137,676.3069999869913,82.8754999965895,19.871900003636256,779.054399987217,3.1524999940302223,419.0103999862913,422.1628999803215,1225.8975000004284
11,2,high,366.52389998198487,3.405900002690032,369.9297999846749,654.6536000096239,62.55740000051446,26.324699982069433,743.5356999922078,3.009900014149025,372.45299998903647,375.4629000031855,1113.4654999768827
11,3,high,375.3425999893807,0.9518000006210059,376.2943999900017,617.0041000004858,68.89620001311414,27.675499994074926,713.5758000076748,2.9855000029783696,361.3328000064939,364.3183000094723,1089.8701999976765
11,4,high,781.4475999912247,0.9843000152613968,782.4319000064861,637.4379000044428,63.69830001494847,26.26000001328066,727.3962000326719,2.9344999929890037,345.6411999941338,348.5756999871228,1509.828100039158
12,0,high,241.77340001915582,0.8925999864004552,242.66600000555627,337.0119000028353,80.22790000541136,28.667100006714463,445.90690001496114,3.5970000026281923,289.94869999587536,293.54569999850355,688.5729000205174
12,1,high,238.93670001416467,0.7331999950110912,239.66990000917576,346.39539997442625,77.12029997492209,27.465200022561476,450.9808999719098,1.368700002785772,290.9266999922693,292.29539999505505,690.6507999810856
12,2,high,221.04740000213496,0.9729000157676637,222.02030001790263,352.22920001251623,69.32929999311455,29.563199990661815,451.1216999962926,1.7965999722946435,286.4063000015449,288.2028999738395,673.1420000141952
12,3,high,202.6581999962218,1.2170000118203461,203.87520000804216,331.0756999999285,82.39160000812262,30.1919000048656,443.6592000129167,1.4080999826546758,284.90999998757616,286.31809997023083,647.5344000209589
12,4,high,205.86119999643415,0.9523000044282526,206.8135000008624,341.89909999258816,78.33410002058372,25.993999995989725,446.2272000091616,1.7771999991964549,303.86640000506304,305.6436000042595,653.040700010024
13,0,high,364.5321000076365,0.9199999913107604,365.45209999894723,554.5320000092033,91.93349999259226,28.954700013855472,675.4202000156511,1.8770000024233013,522.8012000152376,524.6782000176609,1040.8723000145983
13,1,high,736.4635999838356,0.9147999808192253,737.3783999646548,578.5819000157062,106.3842999865301,24.34130001347512,709.3075000157114,1.4084999857004732,343.87519999290816,345.28369997860864,1446.6858999803662
13,2,high,804.9033999850508,1.5149999817367643,806.4183999667875,671.1817999894265,88.62049999879673,30.498000007355586,790.3002999955788,1.8361999827902764,471.68760001659393,473.5237999993842,1596.7186999623664
13,3,high,430.389599991031,0.9603000071365386,431.34989999816753,578.9754999859724,63.860800000838935,19.662100006826222,662.4983999936376,1.7485000134911388,300.99950000294484,302.748000016436,1093.848299991805
13,4,high,386.09030001680367,0.9534000128041953,387.04370002960786,671.9312999921385,67.37879998399876,25.160899996990338,764.4709999731276,1.4030000020284206,323.5446999897249,324.9476999917533,1151.5147000027355
14,0,low,427.4497000151314,1.143200002843514,428.5929000179749,599.1667999769561,85.23429997148924,26.203100016573444,710.6041999650188,1.8666000105440617,238.73010001261719,240.59670002316125,669.1896000411361
14,1,low,323.7434000184294,0.9760999819263816,324.71950000035577,602.1656000229996,52.99389999709092,25.45369998551905,680.6132000056095,2.082099992549047,244.42699999781325,246.5090999903623,571.2285999907181
14,2,low,366.2187999871094,1.1407000129111111,367.3595000000205,618.3755999954883,55.16660001012497,25.214799999957904,698.7570000055712,1.260699995327741,242.2474000195507,243.50810001487844,610.8676000148989
14,3,low,342.117899999721,1.1543000000528991,343.2721999997739,633.7482999952044,69.91140000172891,16.734100005123764,720.3938000020571,1.2987999944016337,253.42819999787025,254.72699999227189,597.9991999920458
14,4,low,400.0452999898698,1.0191999899689108,401.06449997983873,581.4250000112224,55.68910000147298,34.12480000406504,671.2389000167605,1.6781000012997538,294.67360000126064,296.3517000025604,697.4161999823991
15,0,high,339.1284999961499,1.1332000140100718,340.26170001016,563.3717000018805,99.72459997516125,15.477399982046336,678.5736999590881,1.1718999885488302,253.13029999961145,254.30219998816028,1018.8353999692481
15,1,high,359.468900016509,0.8659000159241259,360.3348000324331,562.7868000010494,67.74399999994785,26.80819999659434,657.3389999975916,1.4389000134542584,251.99399999110028,253.43290000455454,1017.6738000300247
15,2,high,314.0387999883387,0.8648999792058021,314.9036999675445,579.4384999899194,94.26959999836981,30.828899994958192,704.5369999832474,1.4621000154875219,270.3179999953136,271.7801000108011,1019.4406999507919
15,3,high,380.83979999646544,1.0746000043582171,381.91440000082366,605.3300000203308,85.9000000054948,38.17690000869334,729.4069000345189,1.6399000014644116,306.95729999570176,308.5971999971662,1111.3213000353426
15,4,high,257.20240001101047,0.7339000003412366,257.9363000113517,607.1170000068378,74.14549999521114,23.751100001391023,705.0136000034399,1.6209000023081899,248.387300001923,250.00820000423118,962.9499000147916
16,0,high,337.9791000043042,1.2617000029422343,339.24080000724643,600.996799999848,88.49229998304509,15.697199996793643,705.1862999796867,1.2335999927017838,214.47760000592098,215.71119999862276,1044.4270999869332
16,1,high,360.2753000159282,0.9716000058688223,361.24690002179705,559.1558000014629,71.11740001710132,30.155499989632517,660.4287000081968,1.655400003073737,248.4931999933906,250.14859999646433,1021.6756000299938
16,2,high,291.9171999965329,1.0953999881166965,293.01259998464957,921.7760000028647,78.19060000474565,28.30919998814352,1028.275799995754,1.3494000013452023,231.40600000624545,232.75540000759065,1321.2883999804035
16,3,high,261.7524999950547,0.8421000093221664,262.59460000437684,634.7183999896515,69.85840000561439,29.049200005829334,733.6260000010952,1.9529999990481883,274.2451000085566,276.1981000076048,996.2206000054721
16,4,high,286.16279998095706,0.8640000014565885,287.02679998241365,561.9080000033136,67.94060001266189,15.502700000070035,645.3513000160456,0.9618999902158976,216.2164999754168,217.1783999656327,932.3780999984592
17,0,high,448.8331000029575,0.8005000127013773,449.6336000156589,648.9807000034489,119.02290000580251,25.28189998702146,793.2854999962728,1.2570000253617764,239.12660000496544,240.38360003032722,1242.9191000119317
17,1,high,377.56150000495836,0.912199990125373,378.47369999508373,683.7421999953222,63.7814000074286,30.118700000457466,777.6423000032082,1.1464999988675117,202.05349999014288,203.1999999890104,1156.115999998292
17,2,high,389.0701999771409,0.9280999947804958,389.99829997192137,669.0871999890078,62.56540000322275,25.903600006131455,757.556199998362,1.1406000121496618,212.1851000119932,213.32570002414286,1147.5544999702834
17,3,high,386.2158999836538,1.0220000112894922,387.2378999949433,688.1082000036258,54.5945999911055,25.498100003460422,768.2008999981917,1.2652000004891306,191.32399998488836,192.5891999853775,1155.438799993135
17,4,high,345.7559999951627,0.9155000152532011,346.6715000104159,676.4814999769442,64.26939999801107,26.76659999997355,767.5174999749288,1.9172999891452491,190.84220001241192,192.75950000155717,1114.1889999853447
18,0,high,195.72679998236708,0.8899999957066029,196.6167999780737,790.8643999835476,97.51089999917895,26.315700000850484,914.6909999835771,1.705200003925711,251.10629998380318,252.8114999877289,1111.3077999616507
18,1,high,240.38069997914135,0.9127000230364501,241.2934000021778,314.67210000846535,69.5457000110764,29.680099978577346,413.8978999981191,1.7702000041026622,247.87309998646379,249.64329999056645,655.1913000002969
18,2,high,252.6034000038635,0.827599986223504,253.430999990087,324.0749000106007,65.06069999886677,28.23169998009689,417.36729998956434,1.3427999801933765,232.76650000480004,234.1092999849934,670.7982999796513
18,3,high,225.91460001422092,0.9250000002793968,226.83960001450032,707.8648000024259,76.12589999916963,28.72090000892058,812.7116000105161,1.9852000114042312,267.3283999902196,269.31360000162385,1039.5512000250164
18,4,high,167.41989998263307,0.7897999894339591,168.20969997206703,321.1911999969743,69.04370000120252,27.935200021602213,418.17010001977906,1.4001999807078391,243.83269998361357,245.2328999643214,586.3797999918461
19,0,high,365.0619999971241,0.9974999993573874,366.05949999648146,633.8242999918293,98.17409998504445,15.554100013105199,747.552499989979,1.5067000058479607,341.909000009764,343.41570001561195,1113.6119999864604
19,1,high,325.2982000121847,0.8997000113595277,326.1979000235442,588.8780000095721,63.23470000643283,26.411500002723187,678.5242000187282,1.9932000141125172,371.8255000130739,373.8187000271864,1004.7221000422724
19,2,high,318.62940001883544,1.021900010528043,319.6513000293635,531.8251999851782,55.29469999601133,31.778400007169694,618.8982999883592,1.876299997093156,330.9018000145443,332.77810001163743,938.5496000177227
19,3,high,339.91350000724196,0.9942999749910086,340.907799982233,579.5647000195459,59.43999998271465,27.635399979772046,666.6400999820326,2.0093000202905387,330.2636999869719,332.27300000726245,1007.5478999642655
19,4,high,343.05029999813996,1.0273999942000955,344.07769999234006,575.7264000130817,55.58730001212098,15.983999997843057,647.2977000230458,1.4511000190395862,330.57230000849813,332.0234000275377,991.3754000153858
20,0,high,309.96099999174476,1.053000014508143,311.0140000062529,495.819500007201,102.18200000235811,27.61550000286661,625.6170000124257,1.516999996965751,360.7035999884829,362.22059998544864,936.6310000186786
20,1,high,287.95259998878464,1.0665000008884817,289.0190999896731,475.50920001231134,56.63420000928454,26.074299996253103,558.217700017849,1.4759000041522086,300.1951000187546,301.6710000229068,847.2368000075221
20,2,high,244.66450000181794,1.0498000192455947,245.71430002106354,484.8900999932084,55.39300001692027,31.027399993035942,571.3105000031646,2.1427000174298882,331.4072000212036,333.5499000386335,817.0248000242282
20,3,high,258.399600017583,0.9978999732993543,259.39749999088235,506.36419997317716,72.47199999983422,25.792300002649426,604.6284999756608,1.4651000092271715,320.01289998879656,321.47799999802373,864.0259999665432
20,4,high,294.9034000048414,0.9493000106886029,295.85270001553,490.31510000349954,54.7521999978926,16.95399999152869,562.0212999929208,1.3712999934796244,296.0241999826394,297.395499976119,857.8740000084508
21,0,high,270.4246999928728,1.0529000137466937,271.47760000661947,454.707699973369,86.90580000984482,17.61919999262318,559.232699975837,2.0132000208832324,372.3574999894481,374.37070001033135,830.7102999824565
21,1,high,275.83629998844117,0.7844000065233558,276.6206999949645,419.68930000439286,68.80360000650398,24.615900008939207,513.108800019836,1.891699997941032,335.11869999347255,337.0103999914136,789.7295000148006
21,2,high,280.2874999761116,1.275499991606921,281.5629999677185,448.164600005839,53.96580000524409,23.146099993027747,525.2765000041109,2.2573000169359148,385.4762999981176,387.7336000150535,806.8394999718294
21,3,high,266.5312000026461,0.7857999880798161,267.3169999907259,440.9827000054065,70.09299998753704,26.395399996545166,537.4710999894887,1.9632999901659787,364.83409997890703,366.797399969073,804.7880999802146
21,4,high,259.4258000026457,1.264900027308613,260.6907000299543,414.53519999049604,65.65949998912401,26.07169997645542,506.2663999560755,1.8755000201053917,353.4005999972578,355.2761000173632,766.9570999860298
22,0,high,285.1424000109546,1.1400999792385846,286.2824999901932,485.6564000074286,97.57539999554865,27.625000016996637,610.8568000199739,1.37489999178797,239.07099998905323,240.4458999808412,897.1393000101671
22,1,high,275.26580000994727,1.0376999853178859,276.30349999526516,466.1185000149999,54.92860000231303,26.047000021208078,547.094100038521,1.3352000096347183,234.42739999154583,235.76260000118054,823.3976000337861
22,2,high,280.46069998526946,1.2238000053912401,281.6844999906607,478.55080000590533,72.1919999923557,24.371699983021244,575.1144999812823,1.2247000122442842,260.6161000148859,261.8408000271302,856.798999971943
22,3,high,245.911400008481,1.0640000109560788,246.97540001943707,528.1438999809325,57.621699990704656,30.35510002519004,616.1206999968272,1.319899980444461,249.79450000682846,251.11439998727292,863.0961000162642
22,4,high,296.1944999988191,0.8751999994274229,297.0696999982465,457.1871999942232,54.04460002318956,21.425099985208362,532.6569000026211,1.0531000152695924,232.96870000194758,234.02180001721717,829.7266000008676
23,0,high,397.53919999930076,1.0392999975010753,398.57849999680184,716.1840000189841,77.7933000063058,28.229799994733185,822.2071000200231,1.7219999863300472,308.8640999922063,310.58609997853637,1220.785600016825
23,1,high,320.58369999867864,1.1670999811030924,321.75079997978173,618.6144999810494,64.21849998878315,15.325499989558011,698.1584999593906,1.0873000137507915,318.0739000090398,319.1612000227906,1019.9092999391723
23,2,high,363.24919998878613,0.8707999950274825,364.1199999838136,555.2191000024322,72.73430001805536,25.903700006892905,653.8571000273805,1.5745999990031123,324.80229999055155,326.37689998955466,1017.9771000111941
23,3,high,353.87400002218783,1.3801000022795051,355.25410002446733,575.3781000094023,69.34089999413118,19.604200002504513,664.323200006038,1.6036000160966069,306.38789999648,307.9915000125766,1019.5773000305053
23,4,high,350.0040999788325,1.2109000235795975,351.2150000024121,573.0232000059914,89.66379999765195,15.82779997261241,678.5147999762557,1.4833999739494175,302.03059999621473,303.51399997016415,1029.7297999786679
24,0,high,603.0258999962825,5.156900006113574,608.1828000023961,568.0019999854267,58.93339999602176,24.051799991866574,650.987199973315,1.9939999911002815,300.4759999748785,302.4699999659788,1259.169999975711
24,1,high,275.94520000275224,1.1984999873675406,277.1436999901198,533.3411000028718,108.60979999415576,21.73509998829104,663.6859999853186,1.6049999976530671,331.69200000702403,333.2970000046771,940.8296999754384
24,2,high,357.74550001951866,1.1009000008925796,358.84640002041124,614.472699991893,62.417800014372915,27.858199988259003,704.7486999945249,1.4798000047449023,276.26210000016727,277.74190000491217,1063.5951000149362
24,3,high,307.5359000067692,0.9595000010449439,308.49540000781417,502.55940001807176,64.1567999846302,25.881400011712685,592.5976000144146,1.5126000216696411,289.8449999920558,291.35760001372546,901.0930000222288
24,4,high,258.6439999868162,0.9810000192373991,259.6250000060536,512.9389000067022,62.19019999844022,24.77089999592863,599.900000001071,1.9352000090293586,294.8814000119455,296.8166000209749,859.5250000071246
25,0,high,304.7165000170935,1.0742000013124198,305.7907000184059,438.67520001367666,93.50039999117143,25.86579998023808,558.0413999850862,1.2429000053089112,202.41919998079538,203.6620999861043,863.8321000034921
25,1,high,272.8781000187155,0.9524000051897019,273.8305000239052,457.84739998634905,58.059000002685934,25.20830000867136,541.1146999977063,1.4695999852847308,205.07070000167005,206.54029998695478,814.9452000216115
25,2,high,279.03730000252835,1.1174000101163983,280.15470001264475,504.9266000278294,81.14710001973435,36.238000000594184,622.311700048158,1.1423999967519194,196.16530000348575,197.30770000023767,902.4664000608027
25,3,high,251.44320001709275,0.9970999963115901,252.44030001340434,508.286299998872,90.59620002517477,23.733100009849295,622.615600033896,1.1254999844823033,193.0372999922838,194.1627999767661,875.0559000473004
25,4,high,262.1437999769114,1.3115000037942082,263.4552999807056,439.4038000027649,64.48540001292713,28.35629999754019,532.2455000132322,1.3660000113304704,193.0304999987129,194.39650001004338,795.7007999939378
26,0,high,255.00979999196716,0.7960000075399876,255.80579999950714,611.6619000094943,83.9214000152424,28.093500004615635,723.6768000293523,4.072100011399016,336.4103000203613,340.48240003176033,979.4826000288595
26,1,high,324.4674999732524,1.0904999799095094,325.5579999531619,524.2811999924015,59.2756999831181,25.84650000790134,609.403399983421,1.5175000007729977,331.50230001774617,333.01980001851916,934.9613999365829
26,2,high,338.28900000662543,0.9436999971512705,339.2327000037767,549.6768000011798,52.69330000737682,27.435800002422184,629.8059000109788,1.7652999958954751,344.8740000021644,346.63929999805987,969.0386000147555
26,3,high,357.324399985373,1.2373000208754092,358.56170000624843,567.5052000151481,74.55079999635927,25.0137000111863,667.0697000226937,2.06830000388436,316.03409998933785,318.1023999932222,1025.6314000289422
26,4,high,300.8803999982774,1.0113999887835234,301.89179998706095,525.3477999940515,59.48820000048727,25.183199992170557,610.0191999867093,1.5473999956157058,312.96629999997094,314.51369999558665,911.9109999737702
27,0,low,304.22329998691566,1.1978000111412257,305.4210999980569,534.7487999824807,76.35779998963699,23.78280000993982,634.8893999820575,1.3657000090461224,239.6850000077393,241.0507000167854,546.4718000148423
27,1,low,351.7515999847092,0.9338000090792775,352.68539999378845,541.3415000075474,53.903100022580475,13.430399994831532,608.6750000249594,1.031499996315688,243.18309998488985,244.21459998120554,596.899999974994
27,2,low,364.8708999971859,1.1531999916769564,366.0240999888629,606.4081999938935,71.37660001171753,27.333300007740036,705.1181000133511,1.3360999873839319,243.8172999827657,245.15339997014962,611.1774999590125
27,3,low,269.22560000093654,1.2134999851696193,270.43909998610616,580.268799996702,77.02409999910742,18.002600001636893,675.2954999974463,1.1079999967478216,256.9769000110682,258.08490000781603,528.5239999939222
27,4,low,282.75340000982396,1.0955999896395952,283.84899999946356,548.4463000029791,49.55640001571737,26.304099999833852,624.3068000185303,1.3211999903433025,234.8358999879565,236.1570999782998,520.0060999777634
28,0,high,359.31929998332635,1.0337000130675733,360.3529999963939,532.691700005671,70.92140000895597,25.106099987169728,628.7192000017967,1.6165999986696988,250.08859997615218,251.70519997482188,989.0721999981906
28,1,high,347.79050000361167,0.8759000047575682,348.66640000836924,514.1418999992311,76.2218999734614,24.042799981543794,614.4065999542363,1.2846999743487686,252.53450000309385,253.81919997744262,963.0729999626055
28,2,high,302.3233000130858,1.0192999907303602,303.3426000038162,509.21869999729097,76.44500001333654,29.15800001937896,614.8217000300065,1.7303000204265118,248.45330000971444,250.18360003014095,918.1643000338227
28,3,high,322.9898999852594,1.2107000220566988,324.2006000073161,508.3022000035271,56.31569999968633,31.609400000888854,596.2273000041023,1.6309999919030815,240.89139999705367,242.52239998895675,920.4279000114184
28,4,high,342.3509999993257,1.0789000079967082,343.42990000732243,554.6693000069354,63.95780001184903,24.447100004181266,643.0742000229657,1.3348999782465398,252.46260000858456,253.7974999868311,986.5041000302881
29,0,high,343.0035999917891,1.2456999975256622,344.24929998931475,627.524400013499,65.64010001602583,24.270699999760836,717.4352000292856,1.4435999910347164,271.72649998101406,273.1700999720488,1061.6845000186004
29,1,high,350.5917000002228,1.0273999942000955,351.61909999442287,579.3638000031933,66.81150000076741,29.44990000105463,675.6252000050154,1.722400018479675,251.14549999125302,252.8679000097327,1027.2442999994382
29,2,high,398.05089999572374,1.1796999897342175,399.23059998545796,614.82290001004,63.31639998825267,25.906299997586757,704.0455999958795,1.2983999913558364,269.96480001253076,271.2632000038866,1103.2761999813374
29,3,high,347.38609998021275,1.0131000017281622,348.3991999819409,618.3771999785677,61.97710000560619,25.110699993092567,705.4649999772664,1.3599999947473407,259.4169999938458,260.77699998859316,1053.8641999592073
29,4,high,386.8382000073325,1.174500008346513,388.012700015679,599.7284000040963,60.537699988344684,17.708500003209338,677.9745999956504,1.344300020718947,270.73639997979626,272.0807000005152,1065.9873000113294
30,0,low,425.0352999952156,1.127800001995638,426.16309999721125,801.3366000086535,83.10530000017025,16.520700010005385,900.9626000188291,1.389500015648082,261.5663000033237,262.9558000189718,689.118900016183
30,1,low,424.7192000038922,1.1208000069018453,425.84000001079403,655.3864000015892,87.65860000858083,30.163099989295006,773.208099999465,1.9038000027649105,257.06989999162033,258.97369999438524,684.8137000051793
30,2,low,400.13039999757893,1.0562000097706914,401.1866000073496,696.9412999751512,64.04309999197721,24.901600001612678,785.8859999687411,1.5235999890137464,254.00729998364113,255.53089997265488,656.7174999800045
30,3,low,560.8725999773014,1.0230999905616045,561.895699967863,700.5633999942802,77.45350000914186,34.056699980283156,812.0735999837052,2.051099989330396,269.72150002256967,271.77260001190007,833.6682999797631
30,4,low,383.59010001295246,1.0954999888781458,384.6856000018306,668.7665000208654,55.26960000861436,25.111099996138364,749.1472000256181,1.7414999892935157,258.41330000548624,260.15479999477975,644.8403999966104
31,0,low,452.9636999941431,1.2487000203691423,454.21240001451224,792.502099997364,86.73879998968914,17.842100001871586,897.0829999889247,0.9145000076387078,161.1036999966018,162.0182000042405,616.2306000187527
31,1,low,399.15270000346936,0.9540000173728913,400.10670002084225,773.4521999955177,65.99560001632199,24.712499987799674,864.1602999996394,1.0310999932698905,142.6600000122562,143.6911000055261,543.7978000263683
31,2,low,365.66020001191646,0.8941999985836446,366.5544000105001,711.7700999951921,54.24639998818748,24.684400006663054,790.7008999900427,0.8365000248886645,148.1723999895621,149.00890001445077,515.5633000249509
31,3,low,437.0202000136487,0.8947000023908913,437.9149000160396,710.6056999764405,50.845000019762665,16.579899995122105,778.0305999913253,0.7255999953486025,148.9572999998927,149.6828999952413,587.5978000112809
31,4,low,449.3193000089377,0.9336000075563788,450.2529000164941,733.4002999996301,50.519100012024865,24.879900011001155,808.7993000226561,1.111499994294718,149.96090001659468,151.0724000108894,601.3253000273835
32,0,low,528.799900028389,0.965600018389523,529.7655000467785,724.1128000023309,124.16860001394525,26.758599997265264,875.0400000135414,5.452899989904836,353.5543000034522,359.00719999335706,888.7727000401355
32,1,low,486.26669999794103,1.1369000130798668,487.4036000110209,739.5011000044178,74.4299000070896,35.966700001154095,849.8977000126615,2.29199999012053,382.5962000119034,384.88820000202395,872.2918000130448
32,2,low,446.4672000030987,1.205600012326613,447.6728000154253,688.5209000029135,111.56409999239258,16.52999999350868,816.6149999888148,1.5733999898657203,352.9685999965295,354.54199998639524,802.2148000018205
32,3,low,408.7957999727223,0.9828000038396567,409.77859997656196,755.6528999994043,86.33299998473376,26.96090002427809,868.9468000084162,2.395899995462969,352.4806999776047,354.87659997306764,764.6551999496296
32,4,low,416.80690000066534,0.8488000021316111,417.65570000279695,708.3138999878429,67.39760001073591,23.450100008631125,799.1616000072099,1.8599999893922359,342.8066000051331,344.6665999945253,762.3222999973223
33,0,low,366.0196000128053,1.0738999990280718,367.0935000118334,612.4624999938533,91.31879999767989,21.181899996008724,724.9631999875419,4.102799983229488,299.93810001178645,304.04089999501593,671.1344000068493
33,1,low,325.7918999879621,0.8890999888535589,326.68099997681566,643.943599978229,74.10620001610368,31.334900006186217,749.3847000005189,2.0656000124290586,326.9274000194855,328.99300003191456,655.6740000087302
33,2,low,376.7861999804154,1.6969999996945262,378.48319998010993,591.9218999915756,109.02750000241213,25.853300001472235,726.80269999546,1.3664000143762678,289.89300000830553,291.2594000226818,669.7426000027917
33,3,low,388.34100001258776,0.7271000067703426,389.0681000193581,567.0842000108678,79.48370001395233,24.54010001383722,671.1080000386573,1.729599985992536,275.25299999979325,276.9825999857858,666.0507000051439
33,4,low,315.422599989688,1.0050999990198761,316.4276999887079,583.1507999973837,58.80299999262206,25.61080001760274,667.5646000076085,1.3879000034648925,272.4216000060551,273.80950000952,590.2371999982279
34,0,low,475.9980000089854,1.2152999988757074,477.2133000078611,653.8294000201859,99.1150000190828,26.894699985859916,779.8391000251286,1.5673000016249716,355.4481999890413,357.0154999906663,834.2287999985274
34,1,low,444.89849999081343,0.9512999968137592,445.8497999876272,712.3901000013575,60.39190001320094,25.952600000891834,798.7346000154503,1.9802000024355948,338.43949998845346,340.41969999088906,786.2694999785163
34,2,low,434.26609999733046,1.1031999893020838,435.36929998663254,647.5905000115745,57.40780002088286,21.180200012167916,726.1785000446253,1.6195999924093485,333.487600000808,335.10719999321736,770.4764999798499
34,3,low,386.5576999960467,1.0732999944593757,387.6309999905061,747.2571000107564,72.06459998269565,30.201999994460493,849.5236999879126,1.805500010959804,329.4861000031233,331.2916000140831,718.9226000045892
34,4,low,440.9892000257969,1.0588000004645437,442.04800002626143,663.3507999940775,60.21219998365268,27.825199998915195,751.3881999766454,1.7382999940309674,331.98399998946115,333.7222999834921,775.7703000097536
35,0,high,414.17070000898093,1.1591999791562557,415.3298999881372,605.2562000113539,73.42579998658039,25.383500003954396,704.0655000018887,2.234000014141202,344.76249999715947,346.99650001130067,1119.395399990026
35,1,high,381.8459000030998,0.9443000017199665,382.7902000048198,595.186200021999,53.280599997378886,23.359800019534305,671.8266000389121,1.7231999954674393,336.46479999879375,338.1879999942612,1054.616800043732
35,2,high,372.2317999927327,0.999899988528341,373.23169998126104,618.6667000001762,74.72270002472214,26.274299976648763,719.6637000015471,1.7324000073131174,330.30060000601225,332.03300001332536,1092.8953999828082
35,3,high,355.09070000262,0.912799994694069,356.00349999731407,605.0424000131898,80.25269999052398,34.89469998748973,720.1897999912035,2.1455000096466392,374.2375999863725,376.38309999601915,1076.1932999885175
35,4,high,364.9879000149667,0.999299983959645,365.98719999892637,624.1113999858499,79.42170000751503,28.976800007512793,732.5099000008777,1.8186000233981758,338.06019998155534,339.8788000049535,1098.497099999804
36,0,low,367.12249999982305,1.4950000040698797,368.6175000038929,618.3432000107132,90.16859999974258,25.193800014676526,733.7056000251323,2.1105000050738454,350.2075000142213,352.31800001929514,720.9355000231881
36,1,low,380.49680000403896,1.1218000145163387,381.6186000185553,575.6988999783061,66.2525000225287,25.730000023031607,667.6814000238664,2.1180000039748847,371.71269999817014,373.830700002145,755.4493000207003
36,2,low,356.4446000091266,0.8894000202417374,357.3340000293683,656.2742000096478,63.59060000977479,25.658899976406246,745.5236999958288,2.055999997537583,360.66060001030564,362.7166000078432,720.0506000372116
36,3,low,379.2396000062581,1.001399999950081,380.2410000062082,604.2522999923676,65.70289999945089,22.754000005079433,692.709199996898,2.0827999978791922,354.4650999829173,356.5478999807965,736.7888999870047
36,4,low,323.0084000097122,1.1085000005550683,324.1169000102673,608.4521999873687,63.452100002905354,29.195400013122708,701.0997000033967,2.0785000233445317,353.7493000039831,355.8278000273276,679.9447000375949
37,0,low,290.74470000341535,0.8734999864827842,291.61819998989813,486.2165999948047,89.40090000396594,27.477299998281524,603.0947999970522,1.2531999964267015,204.2213999957312,205.4745999921579,497.092799982056
37,1,low,214.39459998509847,1.0335999832022935,215.42819996830076,430.5958000186365,58.29630000516772,25.330400007078424,514.2225000308827,1.1932000052183867,199.14620000054128,200.33940000575967,415.76759997406043
37,2,low,307.17650000588037,1.1950999905820936,308.37159999646246,444.9962999788113,57.072199997492135,26.125399977900088,528.1938999542035,1.1106999882031232,228.26979999081232,229.38049997901544,537.7520999754779
37,3,low,612.2781000158284,0.8258000016212463,613.1039000174496,522.1681999973953,54.044000018620864,24.441099987598136,600.6533000036143,1.1712000123225152,193.405600002734,194.5768000150565,807.6807000325061
37,4,low,299.3719000078272,1.0732999944593757,300.4452000022866,455.60749998549,56.734300014795735,22.77679997496307,535.1185999752488,1.133699988713488,194.7126000013668,195.8462999900803,496.2914999923669
38,0,low,377.34639999689534,0.8514999935869128,378.19789999048226,554.741500003729,53.26169999898411,16.17160000023432,624.1748000029474,0.680199998896569,120.63499999931082,121.31519999820739,499.51309998868965
38,1,low,291.0324999829754,1.0433999996166676,292.0758999825921,575.5056999914814,81.61930000642315,30.640399985713884,687.7653999836184,0.890600000275299,117.7830999949947,118.67369999527,410.7495999778621
38,2,low,328.6643000028562,0.8656000136397779,329.52990001649596,575.2361000049859,57.84200000925921,22.874999995110556,655.9531000093557,0.6483999895863235,107.54430000088178,108.1926999904681,437.72260000696406
38,3,low,312.1252000273671,0.9869000059552491,313.11210003332235,934.6483999979682,55.813000013586134,27.32079999987036,1017.7822000114247,0.7031999994069338,106.23910001595505,106.94230001536198,420.05440004868433
38,4,low,265.13929999782704,1.0207999730482697,266.1600999708753,592.8191999846604,48.80000001867302,24.07890002359636,665.6981000269298,0.690099986968562,109.26769999787211,109.95779998484068,376.117899955716
39,0,low,378.53050002013333,1.3200999819673598,379.8506000021007,1018.4735999791883,97.23420001682825,14.686599984997883,1130.3943999810144,1.2655000027734786,276.34420001413673,277.6097000169102,657.4603000190109
39,1,low,408.16230000928044,1.0936000035144389,409.2559000127949,680.931499984581,58.54600001475774,28.021099977195263,767.498599976534,1.5455999819096178,250.63179997960106,252.17739996151067,661.4332999743056
39,2,low,358.25379999005236,1.1839000217150897,359.43770001176745,622.9380000149831,84.69729998614639,17.895299999509007,725.5306000006385,0.9843000152613968,237.65520000597462,238.63950002123602,598.0772000330035
39,3,low,370.01600000075996,1.035199995385483,371.05119999614544,620.6379000213929,68.23820000863634,15.661099983844906,704.5372000138741,0.8999000128824264,244.19440000201575,245.09430001489818,616.1455000110436
39,4,low,394.231000012951,1.0668000031728297,395.2978000161238,651.1732999933884,56.131400022422895,24.126000003889203,731.4307000197005,1.3152000028640032,249.74070000462234,251.05590000748634,646.3537000236101
40,0,low,431.19810000644065,1.3063999940641224,432.5045000005048,700.3252999857068,106.63739999290556,26.683299976866692,833.645999955479,2.016800019191578,300.657499989029,302.6743000082206,735.1788000087254
40,1,low,408.3888000168372,0.9620000200811774,409.3508000369184,739.3464000197127,56.05509999440983,16.032699990319088,811.4342000044417,1.518299977760762,293.0925999826286,294.61089996038936,703.9616999973077
40,2,low,442.5467999826651,1.2058000138495117,443.7525999965146,686.3073999993503,63.20720000076108,17.602200008695945,767.1168000088073,1.414199999999255,312.7966999891214,314.21089998912066,757.9634999856353
40,3,low,449.28829997661524,1.0454999865032732,450.3337999631185,698.6829999950714,90.68940000724979,26.9741999800317,816.3465999823529,1.6318999987561256,323.11520000803284,324.74710000678897,775.0808999699075
40,4,low,397.3948000057135,0.8062999986577779,398.20110000437126,709.2280999931972,56.343100004596636,24.455599981592968,790.0267999793869,1.5987000078894198,294.6447000140324,296.24340002192184,694.4445000262931
41,0,low,419.38000000664033,0.9680999792180955,420.3480999858584,640.4509999847505,101.3519000262022,24.33380001457408,766.1367000255268,1.6619999951217324,355.33209997811355,356.9940999732353,777.3421999590937
41,1,low,394.43680000840686,1.4047000149730593,395.8415000233799,656.9961000059266,71.69159999466501,25.967199995648116,754.6548999962397,2.041899977484718,351.4881999872159,353.53009996470064,749.3715999880806
41,2,low,405.4595000052359,1.2308000004850328,406.6903000057209,649.1507999890018,64.4330000213813,25.438399985432625,739.0221999958158,1.5712000022176653,325.2139999822248,326.78519998444244,733.4754999901634
41,3,low,434.99100001645274,1.028700004098937,436.0197000205517,629.382799990708,70.71739999810234,31.21139999711886,731.3115999859292,1.6055999731179327,320.7782999961637,322.38389996928163,758.4035999898333
41,4,low,389.1639999928884,1.145099988207221,390.30909998109564,641.6456000006292,75.44280000729486,18.956000014441088,736.0444000223652,1.5316999924834818,336.4134000148624,337.9451000073459,728.2541999884415
42,0,low,445.0588999898173,0.9414999803993851,446.0003999702167,754.9243999819737,132.52340001054108,33.23369999998249,920.6814999924973,3.9281999925151467,257.132200000342,261.0603999928571,707.0607999630738
42,1,low,320.94139998662286,0.9928000217769295,321.9342000083998,653.390199993737,65.6304000003729,30.506600014632568,749.5272000087425,1.5432999935001135,226.03310001431964,227.57640000781976,549.5106000162195
42,2,low,335.98850000998937,0.8341999782714993,336.82269998826087,597.3244000051636,66.64050000836141,24.149299977580085,688.1141999911051,1.5465999895241112,214.97710002586246,216.52370001538657,553.3464000036474
42,3,low,402.9908000084106,0.8057000231929123,403.7965000316035,609.4282999983989,66.93699999595992,18.93779999227263,695.3030999866314,0.9916000126395375,219.63559999130666,220.6272000039462,624.4237000355497
42,4,low,327.87330000428483,1.0619000240694731,328.9352000283543,609.6274999727029,74.57489997614175,24.24769999925047,708.4500999480952,1.2983000196982175,217.90940000209957,219.2077000217978,548.1429000501521
43,0,low,275.6324000074528,1.0017000022344291,276.63410000968724,490.65260001225397,98.2769999827724,24.964200012618676,613.893800007645,0.9061000018846244,97.0075000077486,97.91360000963323,374.5477000193205
43,1,low,276.75360001740046,1.1306999949738383,277.8843000123743,489.93979999795556,49.808000010671094,16.406500013545156,556.1543000221718,0.6671000155620277,98.81039999891073,99.47750001447275,377.36180002684705
43,2,low,227.5896999926772,1.043800002662465,228.63349999533966,470.00410000327975,52.39990001427941,24.9885999946855,547.3926000122447,0.6272000027820468,103.45870000310242,104.08590000588447,332.71940000122413
43,3,low,259.69579999218695,1.114500017138198,260.81030000932515,450.6027000024915,55.18060000031255,30.156299995724112,535.9395999985281,0.8134999952744693,105.14229998807423,105.9557999833487,366.76609999267384
43,4,low,250.4577999934554,1.1079999967478216,251.56579999020323,471.38299999642186,53.554699989035726,23.64619998843409,548.5838999738917,0.6044000037945807,133.42769999871962,134.0321000025142,385.59789999271743
44,0,low,290.46889999881387,0.8697999874129891,291.33869998622686,555.4663999937475,66.38020000536926,31.305300013627857,653.1519000127446,1.6758999845478684,235.60399998677894,237.2798999713268,528.6185999575537
44,1,low,312.88329997914843,1.902499992866069,314.7857999720145,545.3730000008363,91.61490001133643,14.248799998313189,651.236700010486,1.4344000082928687,233.2174000039231,234.65180001221597,549.4375999842305
44,2,low,281.3638999941759,0.8987000037450343,282.2625999979209,552.751499984879,62.044399994192645,24.182300025131553,638.9782000042032,1.2761999969370663,227.5169999920763,228.79319998901337,511.0557999869343
44,3,low,322.8645999915898,1.1655999987851828,324.03019999037497,572.29810001445,68.89289998798631,25.48360000946559,666.6746000119019,1.2317000073380768,242.57740000030026,243.80910000763834,567.8392999980133
44,4,low,325.8870999852661,1.1103999859187752,326.9974999711849,563.456200005021,56.129800010239705,24.77859999635257,644.3646000116132,1.2454999960027635,233.70139999315143,234.9468999891542,561.9443999603391
45,0,low,388.5585000098217,1.1025999847333878,389.6610999945551,557.8583999886177,117.71299998508766,36.71020001638681,712.2815999900922,1.1245000059716403,215.51569999428466,216.6402000002563,606.3012999948114
45,1,low,291.6874999937136,0.8015999919734895,292.48909998568706,630.717399995774,56.97659999714233,41.838300006929785,729.5322999998461,1.7728999955579638,177.385899994988,179.15879999054596,471.647899976233
45,2,low,314.3891999789048,1.2571999977808446,315.64639997668564,527.5201000040397,51.91710000508465,24.979000008897856,604.4162000180222,1.0572999890428036,172.41230001673102,173.46960000577383,489.11599998245947
45,3,low,332.9529000038747,0.8711999980732799,333.82410000194795,623.8119999761693,72.28930000565015,33.505600003991276,729.6068999858107,0.9972999978344887,169.7209000121802,170.7182000100147,504.54230001196265
45,4,low,275.97429999150336,1.9017999875359237,277.8760999790393,518.5687000048347,59.276699990732595,27.759000018704683,605.604400014272,1.1887999717146158,177.33109998516738,178.519899956882,456.3959999359213
46,0,low,410.9854999987874,1.7704000056255609,412.755900004413,655.2746999950614,80.88439999846742,32.48090000124648,768.6399999947753,2.2943999792914838,298.1850999931339,300.4794999724254,713.2353999768384
46,1,low,319.2863000149373,0.9209000272676349,320.20720004220493,616.8070999847259,87.65989998937584,26.122700015548617,730.5896999896504,1.3512999867089093,251.29000001470558,252.6413000014145,572.8485000436194
46,2,low,342.51960000256076,1.033000007737428,343.5526000102982,643.6697999888565,59.34290000004694,25.025399983860552,728.038099972764,1.3896999880671501,248.47210000734776,249.8617999954149,593.4144000057131
46,3,low,361.2143999780528,0.9818999969866127,362.19629997503944,592.021599994041,59.79619998834096,25.412799994228408,677.2305999766104,1.4125999878160655,276.2698000005912,277.68239998840727,639.8786999634467
46,4,low,310.54340000264347,1.0020000045187771,311.54540000716224,617.3979000013787,49.99379999935627,23.95880001131445,691.3505000120495,1.35119998594746,238.40520001249388,239.75639999844134,551.3018000056036
47,0,low,237.5441000040155,1.2478000135160983,238.7919000175316,450.8007999975234,91.59890000591986,24.724099988816306,567.1237999922596,1.3617000076919794,247.87239998113364,249.23409998882562,488.0260000063572
47,1,low,214.52000000863336,0.9480000007897615,215.46800000942312,431.57529999734834,58.65120000089519,24.995599989779294,515.2220999880228,1.0634999780450016,184.591500001261,185.654999979306,401.12299998872913
47,2,low,215.17330000642687,1.0309999925084412,216.2042999989353,393.53380000102334,73.13189998967573,31.186999985948205,497.8526999766473,1.6610999882686883,199.69860001583584,201.35970000410452,417.56400000303984
47,3,low,221.9403000199236,0.985399994533509,222.9257000144571,379.86639997689053,74.48300000396557,24.872100009815767,479.2214999906719,1.2346000003162771,216.24330000486225,217.47790000517853,440.40360001963563
47,4,low,224.63389998301864,1.0177000076510012,225.65159999066964,392.7331000159029,84.48560000397265,25.03150000120513,502.2502000210807,1.1289000103715807,211.9751999853179,213.10409999568947,438.7556999863591
48,0,high,279.42750000511296,1.0732999944593757,280.50079999957234,552.7280000096653,82.42789999349043,33.668699994450435,668.8245999976061,3.6612000258173794,354.6533999906387,358.3146000164561,949.3253999971785
48,1,high,341.01799997733906,1.3815999845974147,342.3995999619365,519.7984999977052,58.86819999432191,22.35169999767095,601.0183999896981,2.10390001302585,371.33920000633225,373.4431000193581,943.4179999516346
48,2,high,301.2278000242077,1.1633999820332974,302.391200006241,511.0489999933634,69.57669998519123,16.69299998320639,597.318699961761,1.5519000007770956,350.1914000080433,351.74330000882037,899.709899968002
48,3,high,332.47949997894466,1.11420001485385,333.5936999937985,562.33779998729,77.9255999950692,19.796399981714785,660.059799964074,1.5305000124499202,385.9650999947917,387.4956000072416,993.6534999578726
48,4,high,296.6349999769591,0.8344999805558473,297.4694999575149,538.724199985154,87.64339998015203,30.99050000309944,657.3580999684054,1.8914999964181334,398.62140000332147,400.5128999997396,954.8275999259204
49,0,low,407.8000000154134,0.8851000166032463,408.68510003201663,775.3393000166398,85.10109997587278,23.573200014652684,884.0136000071652,1.0627000010572374,121.2729999970179,122.33569999807514,531.0208000300918
49,1,low,412.4833999958355,1.1245000059716403,413.60790000180714,773.5778000205755,65.45220001135021,24.358399998163804,863.3884000300895,0.7845000072848052,125.05030000465922,125.83480001194403,539.4427000137512
49,2,low,414.6752000087872,1.2583999778144062,415.9335999866016,754.7390999970958,86.58989999094047,26.795200014021248,868.1242000020575,0.9774000209290534,158.00610001315363,158.98350003408268,574.9171000206843
49,3,low,426.060800004052,1.1045999999623746,427.1654000040144,761.270599992713,52.920800022548065,24.922600015997887,839.1140000312589,0.8033000049181283,136.9319999939762,137.73529999889433,564.9007000029087
49,4,low,397.0718999917153,0.8014999912120402,397.87339998292737,764.2050000140443,66.759599983925,32.28759998455644,863.2521999825258,0.7989000005181879,121.25309999100864,122.05199999152683,519.9253999744542
50,0,low,312.34370000311173,1.445000001695007,313.78870000480674,628.3933999948204,136.8594000232406,25.124500010861084,790.377300028922,1.7613999953027815,263.0825999949593,264.8439999902621,578.6326999950688
50,1,low,365.4852000181563,0.9032999805640429,366.38849999872036,607.9116000037175,64.69860000652261,28.41430000262335,701.0245000128634,1.5774999919813126,239.25620000227354,240.83369999425486,607.2221999929752
50,2,low,366.79040000308305,1.3121000083629042,368.10250001144595,641.5593999845441,67.32309999642894,23.703599988948554,732.5860999699216,1.4097999955993146,238.56359999626875,239.97339999186806,608.075900003314
50,3,low,326.8134000245482,0.8763000078033656,327.68970003235154,637.1839000203181,52.6151999947615,25.752100016688928,715.5512000317685,1.2658000050578266,239.72470001899637,240.9905000240542,568.6802000564057
50,4,low,362.7367000153754,0.9877999837044626,363.72449999907985,607.328400015831,65.43439999222755,29.427200002828613,702.1900000108872,1.9401000172365457,271.4384999999311,273.3786000171676,637.1031000162475
51,0,low,309.3820000067353,1.0978000063914806,310.4798000131268,528.7057000095956,86.50679999846034,25.744799990206957,640.9572999982629,1.5867000038269907,206.9859000039287,208.57260000775568,519.0524000208825
51,1,low,285.02389998175204,0.8564000017940998,285.88029998354614,492.7575000037905,63.40520002413541,24.95779999298975,581.1205000209156,1.210599992191419,184.64019999373704,185.85079998592846,471.7310999694746
51,2,low,289.05069999746047,0.9427000186406076,289.9934000161011,590.3746999974828,75.5463000095915,18.116699997335672,684.03770000441,1.1314000003039837,184.61080000270158,185.74220000300556,475.73560001910664
51,3,low,273.99650000734255,1.0586999997030944,275.05520000704564,552.4412000086159,103.32749999361113,205.58959999470972,861.3582999969367,7.5345000077504665,391.0234000068158,398.55790001456626,673.6131000216119
51,4,low,316.42059999285266,0.7685000018682331,317.1890999947209,990.7528999901842,73.23740000720136,35.892599989892915,1099.8828999872785,1.3304000021889806,223.25939999427646,224.58979999646544,541.7788999911863
52,0,high,365.0099000078626,0.9550999966450036,365.9650000045076,555.1867999893147,122.96000000787899,25.364400004036725,703.5112000012305,2.53060000250116,399.2386000172701,401.76920001977123,1069.476200005738
52,1,high,294.55190000589937,1.0805999918375164,295.6324999977369,490.3962000098545,67.50110001303256,22.705999988829717,580.6033000117168,2.263600006699562,382.309799984796,384.57339999149553,876.2358000094537
52,2,high,316.6450999851804,1.0845999931916595,317.7296999783721,499.9783000093885,69.00610000593588,16.452700016088784,585.4371000314131,1.7288000090047717,351.57950001303107,353.30830002203584,903.1668000097852
52,3,high,276.7837999854237,0.9740999958012253,277.7578999812249,544.4816999952309,68.08430000091903,23.940199986100197,636.5061999822501,1.6402000037487596,354.67939998488873,356.3195999886375,914.264099963475
52,4,high,322.2795999899972,1.2353000056464225,323.51489999564365,468.87989999959245,69.32530002086423,28.49550000973977,566.7007000301965,2.0352000137791038,354.4928999908734,356.5281000046525,890.2156000258401
53,0,low,286.88709999551065,1.0242000280413777,287.91130002355203,516.8156000145245,103.01019999315031,24.645299999974668,644.4711000076495,1.0258000111207366,190.3646000137087,191.39040002482943,479.30170004838146
53,1,low,286.32199999992736,0.9138000023085624,287.2358000022359,496.73450001864694,63.70109997806139,25.729200016940013,586.1648000136483,1.1795999889727682,160.3737999976147,161.55339998658746,448.7891999888234
53,2,low,300.6370000075549,0.9894999966491014,301.626500004204,537.8847999963909,68.17640000372194,15.90800000121817,621.969200001331,0.7893999863881618,163.65649999352172,164.44589997990988,466.0723999841139
53,3,low,260.4933000111487,0.8984999731183052,261.391799984267,543.516500008991,66.0982999834232,17.953699978534132,627.5684999709483,0.8018999942578375,167.69469997962005,168.4965999738779,429.8883999581449
53,4,low,281.70620001037605,0.9088999941013753,282.6151000044774,529.2578999942634,70.73969999328256,23.590400000102818,623.5879999876488,0.9448000055272132,155.6132000114303,156.55800001695752,439.17310002143495
54,0,low,299.398300005123,1.056499982951209,300.4547999880742,571.3544999889564,104.6302999893669,26.20939997723326,702.1941999555565,1.580999989528209,273.76989999902435,275.35089998855256,575.8056999766268
54,1,low,316.75410000025295,0.8662000182084739,317.6203000184614,539.5051000232343,57.69960000179708,26.08820001478307,623.2929000398144,1.4486000000033528,265.776200016262,267.22480001626536,584.8451000347268
54,2,low,337.8060999966692,1.1906999861821532,338.99679998285137,538.6896999843884,70.11609998880886,23.95900001283735,632.7647999860346,1.6846999933477491,264.8518000205513,266.53650001389906,605.5332999967504
54,3,low,326.7976999923121,2.1672000002581626,328.9648999925703,578.0528000032064,51.810800010571256,25.553599989507347,655.417200003285,1.7222000169567764,280.86959998472594,282.5918000016827,611.556699994253
54,4,low,350.7275999872945,1.0682000138331205,351.79580000112765,609.3425999861211,75.75680001173168,37.53030000370927,722.629700001562,1.943300012499094,370.14479999197647,372.08810000447556,723.8839000056032
55,0,low,184.43709998973645,1.2517999857664108,185.68889997550286,443.0834000231698,82.03230000799522,24.01399999507703,549.1297000262421,0.8314999868161976,132.02210000599734,132.85359999281354,318.5424999683164
55,1,low,176.2585999967996,0.8563000010326505,177.11489999783225,398.45490001607686,80.07629998610355,30.41609999490902,508.94729999708943,0.9123000199906528,139.96030000271276,140.8726000227034,317.98750002053566
55,2,low,178.38019999908283,0.818300002720207,179.19850000180304,328.65330000640824,98.95079999114387,30.413300002692267,458.0174000002444,0.729600025806576,131.54490001033992,132.2745000361465,311.47300003794953
55,3,low,229.93230001884513,0.8967999892774969,230.82910000812262,338.2135000138078,68.56329998117872,19.03979998314753,425.81659997813404,0.7550000154878944,131.78309999057092,132.5381000060588,363.36720001418144
55,4,low,198.8052999950014,0.8966999885160476,199.70199998351745,316.38650002423674,87.37619998282753,29.825499979779124,433.5881999868434,1.0560999799054116,144.8349000129383,145.89099999284372,345.59299997636117
56,0,low,340.4034999839496,1.0810999956447631,341.48459997959435,571.0917999967933,100.97450000466779,28.13839999726042,700.2046999987215,1.4016999921295792,275.28040000470355,276.68209999683313,618.1666999764275
56,1,low,309.4185999943875,1.1144999880343676,310.53309998242185,597.6776000170503,74.00849999976344,30.011900002136827,701.6980000189506,1.567100000102073,250.10069998097606,251.66779998107813,562.2008999635
56,2,low,300.8327999850735,0.89640001533553,301.72920000040904,530.285900022136,74.76479999604635,24.37219998682849,629.4229000050109,1.8349000019952655,253.83850000798702,255.6734000099823,557.4026000103913
56,3,low,290.01640001661144,1.002099976176396,291.01849999278784,602.281800005585,68.31030000466853,28.99220000836067,699.5843000186142,1.4112999779172242,269.8826999985613,271.2939999764785,562.3124999692664
56,4,low,309.0830000001006,0.830999983008951,309.91399998310953,499.1116000164766,80.91689998400398,28.379299998050556,608.4077999985311,1.6710000054445118,266.84369999566115,268.51470000110567,578.4286999842152
57,0,low,512.3316000099294,1.0313999955542386,513.3630000054836,1269.8899999959394,104.88910001004115,24.87300001666881,1399.6521000226494,1.8434000085107982,315.02090001595207,316.86430002446286,830.2273000299465
57,1,low,608.5729000042193,1.1363000085111707,609.7092000127304,898.8800000224728,71.83240001904778,28.767399984644726,999.4798000261653,1.930700003867969,344.92850000970066,346.8592000135686,956.5684000262991
57,2,low,468.7930000072811,1.0861000046133995,469.8791000118945,828.2187999866437,63.80669999634847,17.975300026591867,910.000800009584,1.7151999927591532,349.9598999915179,351.67509998427704,821.5541999961715
57,3,low,497.74319998687133,1.049000013154,498.79220000002533,821.993299992755,53.65970000275411,26.344900019466877,901.997900014976,1.6709000046830624,308.9295999961905,310.6005000008736,809.3927000008989
57,4,low,479.94620000827126,1.0574999905657023,481.00369999883696,816.3279000145849,77.64239999232814,25.019500026246533,918.9898000331596,1.8455999961588532,327.3419000033755,329.18749999953434,810.1911999983713
58,0,low,332.24720001453534,1.0507999977562577,333.2980000122916,597.6859999937005,92.44269999908283,23.350700008450076,713.4794000012334,0.9224000095855445,165.70319997845218,166.62559998803772,499.9236000003293
58,1,low,316.8978000176139,0.898900005267933,317.79670002288185,585.4978999996092,82.98459998331964,32.2481999755837,700.7306999585126,0.9017000265885144,141.11959998263046,142.02130000921898,459.8180000321008
58,2,low,301.1146000062581,0.8153999806381762,301.9299999868963,575.7992999861017,50.016599998343736,15.868300019064918,641.6842000035103,0.7395999855361879,156.3486999948509,157.0882999803871,459.0182999672834
58,3,low,324.6242000022903,1.058900001225993,325.6831000035163,576.569999975618,53.05360001511872,25.416100019356236,655.0397000100929,0.8374000026378781,142.45210000080988,143.28950000344776,468.97260000696406
58,4,low,348.49480001139455,0.977399991825223,349.47220000321977,563.2417000015266,50.09309999877587,15.891999995801598,629.2267999961041,0.750300008803606,139.9317000177689,140.6820000265725,490.15420002979226
