mfcc_mean_0,mfcc_std_0,mfcc_mean_1,mfcc_std_1,mfcc_mean_2,mfcc_std_2,mfcc_mean_3,mfcc_std_3,mfcc_mean_4,mfcc_std_4,mfcc_mean_5,mfcc_std_5,mfcc_mean_6,mfcc_std_6,mfcc_mean_7,mfcc_std_7,mfcc_mean_8,mfcc_std_8,mfcc_mean_9,mfcc_std_9,mfcc_mean_10,mfcc_std_10,mfcc_mean_11,mfcc_std_11,mfcc_mean_12,mfcc_std_12,spectral_centroid_mean,spectral_bandwidth_mean,spectral_rolloff_mean,zcr_mean,rms_mean,tempo,chroma_mean_0,chroma_mean_1,chroma_mean_2,chroma_mean_3,chroma_mean_4,chroma_mean_5,chroma_mean_6,chroma_mean_7,chroma_mean_8,chroma_mean_9,chroma_mean_10,chroma_mean_11,mood,filename,file_id,file_id_clean
-481.93073,142.2399,108.98873,40.876644,6.7523637,22.855131,7.132075,18.701908,10.171532,8.438692,14.126973,8.1021185,5.9317946,7.8461885,6.9469814,5.872506,5.168914,6.106961,6.616131,4.7684073,2.899722,4.148704,1.5030346,4.4860935,-1.3041767,4.2586455,1354.98100220365,1847.1396785342854,2636.3423917315695,0.05131148110971362,0.0067641116,143.5546875,0.5758882,0.6324103,0.6929597,0.66239595,0.61970377,0.6414328,0.5675985,0.5346572,0.5369503,0.5741685,0.5518106,0.53187823,sad,151_Adele - Hello (Official Music Video).wav,151,151
-368.8646,86.02686,150.8291,40.177967,27.298565,21.054293,33.38867,12.5457945,18.89232,11.734311,9.331817,10.143913,8.383159,10.480133,0.06573713,9.422948,5.2512918,9.246917,-1.6760429,7.679444,-0.6143226,7.46099,1.8025842,6.603537,0.041319996,6.7693987,1081.5223142067566,1741.2471740738015,2137.54540788869,0.03607007667376161,0.03181711,92.28515625,0.619221,0.36774036,0.35994452,0.26347405,0.38277152,0.25082397,0.18782339,0.332687,0.2507634,0.24756376,0.1991496,0.3350687,sad,152_All Too Well (10 Minute Version) (Taylor's Version) (From The Vault) (Lyric Video).wav,152,152
-197.88235,88.58388,132.78093,46.236893,-0.071615025,16.813509,6.1692214,13.363445,-4.601489,17.72134,-2.036667,11.026455,-11.221189,12.298668,-5.999277,9.920853,-5.9266515,9.45672,-5.602798,8.010575,-7.9345355,9.348618,-7.552644,7.4737473,-5.8499403,10.2754755,1596.6730344223402,1850.5366679541642,3043.373263804905,0.06847086336590558,0.11408966,143.5546875,0.21318159,0.23362803,0.17145012,0.43611744,0.5430101,0.2120899,0.23080836,0.16629009,0.2767559,0.15948567,0.18746337,0.35437974,sad,153_Bruno Mars - Talking To The Moon (Official Lyric Video).wav,153,153
-278.6188,115.62778,125.81486,55.061707,3.093482,21.80513,3.6636302,15.304291,6.4629498,12.6626215,-1.6574478,10.522089,-5.3217144,10.900329,-4.7133126,8.664802,-6.4146047,7.9465857,-0.5861327,6.779188,-5.831558,7.3805013,-6.4139414,8.510189,-6.133216,7.295212,1287.6633091724386,1494.1993515864376,2554.392887269011,0.06329062258126934,0.057886757,73.828125,0.34050465,0.28022185,0.337927,0.3215582,0.460503,0.36138463,0.3347743,0.42030227,0.38011664,0.4751092,0.304161,0.26253048,sad,154_Bruno Mars - When I Was Your Man (Official Music Video).wav,154,154
-302.16345,67.508965,156.1972,43.109627,-11.669658,19.24499,17.55665,8.857111,8.498205,10.155865,1.335433,8.637238,0.28973785,10.300708,1.1199648,9.961497,-5.445563,10.310671,-16.82756,8.574071,-7.890979,7.9423294,-7.827971,7.3612847,-8.693197,7.731411,1297.0278102556463,1629.5673106977897,2621.1924833409926,0.05513685480359907,0.043767475,46.98153409090909,0.1583549,0.13349472,0.36140537,0.30975735,0.1684911,0.3974204,0.21066362,0.20306627,0.13207594,0.30450833,0.67455584,0.30667064,sad,155_Christina Perri - A Thousand Years [Official Music Video].wav,155,155
-228.12128,126.09782,94.808495,39.342407,20.035574,27.056196,31.429905,26.614607,15.6068535,16.80779,4.5496264,13.119725,-5.4730263,12.175357,-8.389666,11.83099,-7.4834375,12.790292,-3.1549163,11.899681,-11.340353,9.925897,-3.953795,8.79336,-9.966506,8.444738,1770.826456665393,2049.22021710751,3547.078551301277,0.0741733988003096,0.118847355,161.4990234375,0.18250898,0.20756257,0.3090828,0.27157527,0.33936533,0.28687367,0.28714725,0.2839497,0.31292474,0.5195453,0.3417856,0.24723655,sad,156_Ed Sheeran  Thinking Out Loud  Lirik Lagu Terjemahan.wav,156,156
-261.05386,103.14009,134.85545,45.428265,10.670596,17.359146,29.65371,20.807558,1.9659346,11.876913,8.055752,10.453455,6.9239883,10.372658,-0.615073,12.318054,-2.3011794,10.12694,1.5686837,7.299138,-4.2557673,9.487938,-0.09615834,7.416832,-7.677671,9.846752,1268.8590539046916,1741.6094732015004,2500.759878247146,0.04889728557952786,0.070367716,103.359375,0.6400583,0.44728377,0.4088807,0.5112727,0.36059576,0.36831486,0.31990215,0.40193522,0.59174395,0.42453966,0.3746813,0.41376725,sad,157_Ed Sheeran - Perfect (Official Music Video).wav,157,157
-304.35745,108.60363,113.88035,42.929222,20.848509,23.874641,27.65993,16.335434,22.53561,14.285234,11.370536,12.23062,2.5866587,9.446471,0.62849826,8.291758,-7.119106,10.380136,-7.9484215,9.7703705,-8.59777,8.226491,-7.1763663,9.346658,-12.45829,7.1395745,1210.2470229664348,1817.4102464370094,2378.4772843399282,0.03889356678115325,0.07475462,71.77734375,0.21392584,0.22913183,0.20557944,0.43535015,0.5383126,0.30544126,0.15997955,0.20623703,0.35983673,0.26213238,0.18771343,0.29198998,sad,158_Ed Sheeran - Photograph (Official Music Video).wav,158,158
-219.30795,87.94224,150.51642,49.393456,-17.297842,22.76402,5.403853,18.829964,18.630358,17.320248,-2.011413,11.26115,-6.3950496,10.717114,-3.5810463,8.162838,-5.2204847,8.818053,-5.15816,7.988814,-10.252268,8.022391,-6.5165124,7.387911,-5.8299346,7.954235,1388.8252554664682,1474.85291503498,2683.2337748524574,0.07820852179276316,0.088532306,60.09265988372093,0.5058791,0.29397947,0.29923138,0.2585786,0.4367122,0.5050848,0.264446,0.3620463,0.23670551,0.38442227,0.23026085,0.27178654,sad,159_Harry Styles - Sign of the Times (Official Video).wav,159,159
-301.51672,113.17157,109.26717,36.278763,-19.458246,38.546715,0.30160436,24.68825,-16.90353,16.022108,-2.1914723,12.302758,-4.067056,13.522924,3.4315782,10.989991,-10.905285,13.120833,-5.0956407,11.682741,-2.1177027,9.008665,3.6186202,9.410975,2.0431309,9.540862,1914.0834511663159,2017.083888542366,3623.119758157169,0.09741021974167957,0.028834928,92.28515625,0.43860364,0.33360445,0.41298428,0.5738249,0.39460433,0.40847263,0.29738557,0.29923317,0.25753176,0.28259015,0.4201095,0.36767545,sad,160_Imagine Dragons - Demons (Official Music Video).wav,160,160
-219.58002,93.73948,94.51654,36.81447,-22.287144,24.059038,-3.5697682,13.497957,-5.122365,14.729903,3.3700151,13.673422,3.3929868,10.691646,9.190696,9.585668,-4.4176364,10.458214,-4.216494,8.10749,-9.238174,8.448295,-4.676817,9.502524,-7.9165945,8.943236,2138.210893975188,2280.4420687580273,4523.322648086784,0.09525339226973684,0.05976601,95.703125,0.30868125,0.31416258,0.51638436,0.27322108,0.3001597,0.23620974,0.26864308,0.3794226,0.25585386,0.22096203,0.18901362,0.32683063,sad,"161_Lady Gaga, Bradley Cooper - Shallow (from A Star Is Born) (Official Music Video).wav",161,161
-238.97949,114.986946,148.28413,46.33845,32.60338,27.15319,16.918571,16.930607,5.4229646,13.7283,1.6851468,14.499416,-10.541245,12.333377,5.175245,13.129147,-8.73254,11.400898,-8.653086,9.630068,-5.384373,10.541162,-7.3003187,9.940916,-1.8704237,10.113852,1149.8008520225746,1398.378922947258,2043.6876421004256,0.05680124383223684,0.14628015,112.34714673913044,0.249714,0.309771,0.17640674,0.20353286,0.20416477,0.4051316,0.16235699,0.17374519,0.3092829,0.18078214,0.24326785,0.12774251,sad,162_Lewis Capaldi - Someone You Loved.wav,162,162
-193.62456,68.967766,150.81126,55.426205,-22.73288,37.491577,11.695861,15.833052,6.65505,16.918915,-9.614752,12.13747,-3.7591283,11.528266,-10.445794,10.731178,-7.045667,10.426449,-9.854731,8.065281,-15.920085,9.914291,-7.458302,9.009646,-11.941593,9.619861,1560.1596742261368,1706.2827956138688,3307.4300004232778,0.06115080180921053,0.096369125,99.38401442307692,0.2733656,0.27168772,0.22874664,0.3142806,0.20882903,0.26318485,0.3148803,0.21287084,0.26600173,0.2739107,0.52131283,0.47186786,sad,163_Loreen - Tattoo.wav,163,163
-265.54205,116.30737,99.33924,54.050713,8.588275,25.481974,10.089862,20.779175,10.523587,14.095997,6.5740366,16.137243,-3.3217103,13.435045,9.458506,11.44472,0.20905127,12.416105,4.956954,10.086741,-2.3730528,9.414478,-3.5510595,10.886104,-5.978169,11.821922,1836.3455374174835,2148.1844303542334,3731.435769851732,0.0759787544746517,0.07987949,112.34714673913044,0.36714202,0.32338923,0.35786796,0.37146732,0.5610131,0.41157812,0.31114706,0.41746837,0.29509053,0.3188284,0.26786435,0.33282474,sad,164_Lukas Graham - Love Someone [Official Music Video].wav,164,164
-179.4277,74.826645,122.78489,49.749264,-2.6459432,27.263987,15.8046665,18.41999,-2.9278433,12.106087,7.316387,11.673748,-12.005591,12.818498,-2.4598687,12.260342,-10.113677,9.730183,-7.2755427,8.433651,-7.976015,8.650042,-9.822979,8.464889,-8.206558,7.9563146,1658.6059875556684,1933.466368376232,3425.4792865953946,0.0680555219620743,0.13036743,92.28515625,0.19666822,0.26202163,0.19454803,0.3307052,0.19406304,0.19933371,0.3628451,0.23180027,0.23514803,0.19317874,0.32050854,0.32467273,sad,165_Maroon 5 - Memories (Official Video).wav,165,165
-164.31784,81.74616,103.56855,39.519753,18.612223,20.049269,28.946817,19.517048,-1.1582793,16.38817,11.059142,12.879932,-1.9088331,11.394804,3.6724982,9.0448475,-9.113993,10.086754,-0.10843467,9.743164,-4.5310907,9.470972,1.4181958,8.341348,-7.9439793,10.419528,1766.185328078649,2134.896194846525,3591.4532829733457,0.06828719100715944,0.17043366,112.34714673913044,0.18527885,0.3875405,0.27191904,0.25381294,0.34526446,0.27207592,0.32635126,0.2579043,0.35122246,0.38986522,0.25273308,0.25398576,sad,166_Niall Horan - This Town (Official Lyric Video).wav,166,166
-209.98863,106.12009,125.868805,49.820526,8.294352,31.474827,8.581057,18.791508,-4.150134,16.621534,-1.9329294,14.7771015,-1.4892462,12.138071,-14.626276,12.853817,-10.253276,10.780623,-11.029043,10.728932,-12.7610235,11.21085,-10.956005,9.970668,-10.70519,11.4131565,1483.28116911671,1853.5565257625922,2768.199927740422,0.057288391302244585,0.13394716,151.99908088235293,0.29048765,0.40940914,0.282114,0.2622847,0.16580522,0.24478112,0.24407114,0.12783088,0.17212327,0.16935855,0.3112272,0.30339593,sad,167_Olivia Rodrigo - happier (Lyric Video).wav,167,167
-239.3034,107.71897,129.95125,39.49084,19.875874,17.538435,14.607812,12.839969,9.063675,11.557967,7.5993366,10.150345,-6.5804734,11.368855,0.5773236,9.760274,-8.098019,13.85198,-3.7071211,9.332366,-3.626428,9.165307,0.291973,6.72585,-5.4569993,7.816324,1440.830305022237,1990.7512477211994,2832.8995365107394,0.05767463235294118,0.08313461,161.4990234375,0.37280548,0.22676624,0.42784142,0.49504048,0.2213156,0.20775472,0.21402842,0.42295483,0.29320318,0.31597814,0.43867043,0.31177834,sad,168_One-Direction-Story-of-My-Life.wav,168,168
-302.16864,63.10652,105.60276,31.84569,14.5363865,18.765207,33.730194,13.187058,1.9850516,11.9339285,22.264336,15.462284,-2.594729,9.841775,6.04819,10.171093,2.801384,7.7666883,1.503538,7.989425,-1.7016492,6.4889293,2.308522,6.806414,-0.74062675,7.0501895,1890.3694849469548,2279.6206650313165,4296.240687886997,0.07592319925503097,0.02874315,151.99908088235293,0.49982038,0.47319064,0.49165973,0.5404573,0.529492,0.5102249,0.4851677,0.5372734,0.6621982,0.5858167,0.6151399,0.57054,sad,169_Sam-Smith-I_m-Not-The-Only-One-_Official-Music-Video_.wav,169,169
-157.43958,110.45281,106.56116,38.033638,4.7815566,17.872173,20.434889,14.100527,-3.3873851,12.08429,9.875187,9.351841,-5.848858,10.593183,-1.0184087,8.523553,-11.5206375,9.059411,-3.3584974,9.592974,-0.26034096,7.4571676,-3.1465845,7.4983697,-4.4680367,6.3673387,1953.8785289467974,2255.1631263151403,4228.682763067192,0.08113443002612229,0.12479527,89.10290948275862,0.1845658,0.14989775,0.31706837,0.30809376,0.23272838,0.33218676,0.2468095,0.37357435,0.30457246,0.48497468,0.5030036,0.18502747,sad,170_Take-That-Patience-_Official-Video_.wav,170,170
-204.41075,83.16229,150.57596,51.739933,36.96376,24.995287,20.587711,23.967934,1.6448106,14.347748,3.3218095,13.509602,4.1550603,17.96129,-11.786406,13.58478,2.1124785,10.243254,2.7847111,8.139991,-11.342802,9.573704,-5.9194174,8.581123,-1.944937,8.345532,1291.6366268039844,1888.6640728505201,2612.7508677196206,0.04393548640673375,0.13234976,129.19921875,0.24877547,0.286559,0.22453853,0.32466283,0.39207384,0.2324699,0.27013007,0.2517644,0.45038474,0.43060124,0.34488922,0.3647566,sad,171_Tate-McRae-you-broke-me-first-_Official-Video_.wav,171,171
-272.21802,130.92209,100.56321,33.445065,22.884361,18.254196,14.72245,16.382408,4.232696,12.591898,2.7853887,13.645733,6.1082954,13.230336,1.24208,11.746858,7.9315376,14.890806,-4.8426056,9.612834,-4.963314,10.544888,-3.1322691,9.769379,-8.482337,8.2107725,1952.6373757044937,2408.9786192200872,4312.432256645462,0.07185595249613003,0.045722064,89.10290948275862,0.45538038,0.27472925,0.20709117,0.16492993,0.25274223,0.36973962,0.2503803,0.32363942,0.2728348,0.46586576,0.48850563,0.29648247,sad,172_Taylor-Swift-august-_Official-Lyric-Video_.wav,172,172
-132.40613,80.73079,93.82829,41.495975,8.713084,27.263025,24.855816,17.296215,7.352246,11.232498,-1.1122862,13.863279,4.0836663,11.634011,-3.2958636,12.264986,-0.86158425,8.5338745,-1.1194342,11.222648,-7.8324394,10.501365,0.18761772,10.315043,-6.377324,9.497502,2298.9911198325285,2512.664569138738,5072.927658033814,0.08449570977650929,0.15750045,143.5546875,0.19434822,0.36281466,0.59201497,0.32989657,0.27617812,0.17693348,0.3118957,0.24988943,0.18767288,0.38479248,0.21781501,0.19737744,sad,173_Taylor-Swift-Back-To-December-_Lyrics_.wav,173,173
-289.7101,137.01534,111.94513,51.890713,20.712723,22.585442,10.07364,16.521759,4.1402497,13.222178,3.5157013,13.446025,5.350995,11.288346,0.340786,11.416994,6.355395,11.346319,-1.6911111,10.826328,-3.283293,8.8884735,-0.0021176648,7.4560733,-6.1944747,9.202456,1625.1210476354734,2104.1547563208314,3312.1216387202494,0.059666305872678016,0.061457984,129.19921875,0.2954947,0.185231,0.18421933,0.23286043,0.36348122,0.6374248,0.40051752,0.40918848,0.2635669,0.2480363,0.33248317,0.2516298,sad,174_Taylor-Swift-cardigan.wav,174,174
-286.7317,91.65444,95.59228,43.39147,37.42073,36.03431,40.921577,22.064835,13.994895,14.427655,2.8255591,16.199112,16.33927,15.001273,0.80664706,15.811656,19.386477,12.812047,1.1444262,11.647399,6.9735904,8.876204,6.091093,8.580804,-0.15020259,10.547188,1592.8594258803482,2244.2540522323243,3426.470947265625,0.03263925841718266,0.10452267,117.45383522727273,0.25722557,0.31280068,0.42662498,0.35256267,0.3709904,0.4299175,0.6224849,0.5493616,0.487393,0.4772694,0.38873428,0.3144809,sad,175_Taylor-Swift-You_re-On-Your-Own_-Kid-_Official-Lyric-Video_.wav,175,175
-242.68893,88.7755,118.547676,42.0863,25.481285,22.538277,43.93914,17.979803,16.729467,12.400697,1.8829353,12.904191,0.48763508,11.328145,-3.2752626,11.121403,-3.7365446,9.253681,-5.702084,10.887249,-10.3175125,9.928488,-5.871282,8.97814,-12.942047,8.91345,1134.9732635845376,1725.5807107469188,2084.8040601417374,0.03495216960139319,0.14997883,112.34714673913044,0.32709908,0.21297741,0.22445466,0.2100934,0.20910579,0.15044343,0.29402873,0.36773407,0.23953699,0.2849598,0.27606398,0.33279818,relaxed,51_Ardhito Pramono - I Just Couldnt Save You Tonight (Lyrics) ft. Aurélie - Prestige Vibes.wav,51,51
-335.71603,88.62981,156.85077,53.988415,10.131551,14.311466,1.7764257,17.411642,0.17010176,12.867808,-1.4961826,15.482985,-6.693277,13.417192,-8.022954,13.638971,-11.234405,14.243238,-5.840701,9.423326,-5.9925385,8.873274,-3.7496562,12.203546,-0.5594828,11.612562,748.7882611961192,1041.4528737276862,1245.2258036232586,0.036490709050890094,0.06235696,123.046875,0.16335918,0.32805705,0.267601,0.25764585,0.36658955,0.35546523,0.7749193,0.3306674,0.17650042,0.19730869,0.13101594,0.2623075,relaxed,52_Attack On Titan OST- Call of Silence (Lyrics) - ThatOnePotato.wav,52,52
-105.48822,106.01504,91.33815,32.734848,15.84823,17.548353,25.073957,14.919652,6.097838,9.536601,2.8540053,12.776148,1.6206264,9.532065,5.5894194,9.618529,-2.515563,7.235742,5.2132874,8.879266,-5.8722963,7.401845,1.5649859,6.297322,-4.6009336,6.392191,2151.128889063228,2538.6490768203303,4922.595233740083,0.07848138484423374,0.16042489,123.046875,0.26895222,0.30283046,0.35227433,0.26385877,0.37100604,0.32697108,0.47636363,0.36635473,0.29545352,0.2966805,0.2720411,0.48079684,relaxed,53_Bôa - Duvet (Lyrics) - Taj Tracks.wav,53,53
-123.39246,119.52344,113.25608,37.53679,17.935934,17.05615,17.260141,14.049676,6.3324013,9.272484,13.746429,11.620871,8.696596,10.027022,4.8920393,9.356221,8.479014,8.342517,7.561561,8.070353,-0.13614815,7.212762,1.5100237,6.609167,-3.3763807,6.578668,1714.9748719083052,2269.634441926213,3743.0190331426566,0.05381373355263158,0.21652621,103.359375,0.37083238,0.57273024,0.42867163,0.47514442,0.43366045,0.47594583,0.41228446,0.3687597,0.4063301,0.33494094,0.34026298,0.26484632,relaxed,54_Clairo - Bags (Lyrics) - The Tiny Majority.wav,54,54
-350.56055,116.87344,138.18344,44.617393,65.50951,35.821163,38.180458,20.959719,16.9196,15.245617,3.2437165,8.525717,-2.789607,15.124135,9.029091,10.425234,-2.3328328,12.177275,-2.9828103,8.635042,-9.342636,8.821845,-13.926011,7.446947,-11.746654,6.6009994,835.9815413372227,1175.5124767852876,1624.998507189677,0.0326097801373839,0.100627735,135.99917763157896,0.37530717,0.71017283,0.30683094,0.1434627,0.19406693,0.15701431,0.1502502,0.13200279,0.19916782,0.27055115,0.23584472,0.33364215,relaxed,55_Daniel Caesar - Always (Lyrics) - 7clouds Rock.wav,55,55
-272.63565,116.29108,106.146866,58.097694,31.647486,41.175716,33.772217,23.288723,21.225851,20.168684,8.280513,15.067842,-2.3983262,11.75484,4.880144,9.853167,-1.1443051,12.612615,6.77987,9.00943,2.8633254,8.365028,-3.2543182,13.655219,-1.9129329,12.3698635,1331.0504294632294,1426.747379066205,2404.9437909672506,0.06742211687306501,0.13609512,143.5546875,0.2620827,0.27769276,0.30033037,0.26781017,0.47892755,0.38785854,0.41884974,0.38976055,0.35853884,0.48625484,0.40866297,0.39882818,relaxed,56_Daniel Caesar - Get You (Lyrics) ft. Kali Uchis - Luxury Tones.wav,56,56
-162.88019,95.14419,98.515564,53.47041,13.221773,25.812052,27.834208,16.94799,7.754609,16.108936,2.3372455,16.770819,-2.4413881,13.27779,-4.6764855,15.119855,7.39874,12.5464115,7.022248,10.968393,-10.2029505,14.7546,5.7358065,12.329123,-2.8228054,11.475769,1919.2920070065254,2220.58546545272,3893.218124909298,0.07017115542763158,0.1971587,143.5546875,0.49195594,0.4117802,0.30251664,0.31792143,0.2589624,0.2730601,0.1979174,0.2828054,0.36968032,0.36551332,0.47622,0.39091212,relaxed,57_Faye Webster Kingston (Lyrics) - Worldly Hits.wav,57,57
-321.14413,44.064865,211.96028,21.5415,5.237958,23.980392,-5.7756605,16.341213,9.969157,14.596811,-3.7816815,8.538047,-1.4345036,5.921502,3.3806598,9.106741,3.199628,7.6120224,0.8552985,5.537804,-3.1476774,5.2115912,-6.9866185,6.284637,-4.128335,6.18368,662.051115040693,757.4588700885978,1112.6849384130708,0.03933989817143963,0.055193108,37.44904891304348,0.21106279,0.35877666,0.1434765,0.1402075,0.25396132,0.60084313,0.42418015,0.33958367,0.5662341,0.24309856,0.14924808,0.114580624,relaxed,58_Frank Ocean - Godspeed (Lyrics) - Lyricz.wav,58,58
-138.60655,63.317806,119.487564,35.209824,-12.94996,25.64461,15.601668,15.673472,10.342228,13.926499,-0.85856265,17.026636,-4.7993364,12.419649,1.9315301,9.649559,-16.660612,9.601149,6.43073,11.267491,-13.69888,7.766693,-1.3736411,7.4084363,-2.7586505,7.582527,1788.2037574466342,2059.144871630057,3402.104427939967,0.07293417726876934,0.15075074,78.30255681818181,0.24339303,0.22130367,0.35294467,0.22018258,0.26480377,0.19318278,0.3063498,0.41024423,0.31741664,0.43721116,0.30930448,0.40022188,relaxed,59_I Thought I Saw Your Face Today - She And Him (Lyrics) - Cassiopeia.wav,59,59
-177.6205,67.24711,135.0574,26.38142,-1.817887,27.668478,10.263231,12.773784,-5.2261515,13.197692,-0.13997294,9.769509,-6.3221464,13.991059,-4.729395,10.186069,-12.016283,11.749049,-3.6592875,11.769451,-7.1569796,13.3544,-6.482853,12.168948,-8.602538,12.350054,1292.900964750151,1722.037090905413,2583.384378628096,0.04544076830979102,0.15508653,172.265625,0.3431067,0.24805264,0.40854892,0.410537,0.2726528,0.28868315,0.21388674,0.3690565,0.21898854,0.25666746,0.46701318,0.3041544,relaxed,60_Joji - SLOW DANCING IN THE DARK (Lyrics) - 7clouds.wav,60,60
-123.553406,86.92461,142.68852,37.01981,-24.144325,15.668559,26.87627,11.60543,1.3357692,12.189678,11.493903,9.848499,1.8987385,9.07571,5.18925,7.832233,-4.1986966,7.430128,3.7877412,6.461124,-6.187116,6.148736,1.2035694,6.239835,2.0150588,7.443205,1431.3253268622836,1696.4108388334996,2846.249455785604,0.06106614623645511,0.17949335,129.19921875,0.3977151,0.41966602,0.3190868,0.34900388,0.3445145,0.46101007,0.5676015,0.40309983,0.33520758,0.3997014,0.794954,0.473252,relaxed,61_d4vd - Romantic Homicide (Lyrics) - 7clouds.wav,61,61
-135.21672,39.829887,156.13477,21.921165,26.252825,12.955856,31.664576,10.067018,8.357775,9.178018,16.029377,7.4932323,-2.9909008,8.743027,10.501072,7.037135,-4.1465707,6.0823355,-0.317512,6.2996483,-6.8390403,6.5909495,-2.6626873,7.7506304,-3.4698124,6.752691,942.6841345471773,1629.8425980315699,1580.5571092540636,0.032502071038119196,0.25833434,61.5234375,0.29142326,0.33369705,0.39265224,0.5847613,0.3945415,0.2941744,0.21880355,0.26108372,0.4269775,0.17581695,0.09398393,0.117948264,relaxed,62_innocence- HildirSvensson & Six dior. (Lyrics) - yunooyle.wav,62,62
-139.80583,56.547806,133.61293,26.313215,-22.372417,20.68536,-0.026645081,13.361193,-17.769114,11.47195,-21.288624,10.194152,-29.565899,11.298436,-20.777231,9.02961,-25.598375,9.895767,-19.929634,10.562508,-20.277084,9.2955475,-12.516673,10.058111,-20.819609,8.2253895,1362.4043233559266,1673.0136563334936,2416.5603873899477,0.06175737410506966,0.17885062,143.5546875,0.2160991,0.16413903,0.16606168,0.33796456,0.22277117,0.2284315,0.6013795,0.21595925,0.17848653,0.122384064,0.31246054,0.5922539,relaxed,63_JVKE - her (official lyric video) - JVKE.wav,63,63
-112.127174,99.24517,98.960976,29.426914,23.309982,21.864832,19.508978,16.19406,12.5799265,11.868112,11.533676,17.320362,0.13397926,10.385519,1.5272944,12.801291,-3.1600702,8.275777,0.26445457,12.758038,-3.979487,10.822,0.13307743,11.150445,4.0473423,9.080289,2020.1621921638848,2603.2451338956257,4690.496637208543,0.06407141906927244,0.22896294,95.703125,0.32627943,0.41291073,0.4838642,0.26928034,0.26471773,0.29534262,0.48948833,0.40267026,0.3860515,0.58619267,0.39511904,0.40436882,relaxed,64_keshi - WANTCHU (Lyrics) - Urban Paradise.wav,64,64
-147.13208,83.09002,128.10722,28.843086,-40.348408,38.03041,24.593224,15.658653,2.951551,11.9997835,-6.5756474,16.970263,-6.893224,9.636991,6.444005,11.227113,-1.7409745,7.61517,0.43732992,10.293667,-1.9365638,6.388374,4.8756876,8.089546,1.2694868,7.4208536,1619.175348936487,1690.2222371721743,3216.897214529315,0.08059134940982972,0.1667553,103.359375,0.15077884,0.30894095,0.34610638,0.2076297,0.2918113,0.1292558,0.10072405,0.18359742,0.601821,0.6643808,0.3097254,0.21653861,relaxed,65_Let Down - Radiohead - Lyrics - Pyroarp.wav,65,65
-35.2241,92.41545,73.87099,30.508814,11.679945,17.650492,30.691103,15.087707,10.294612,14.010329,6.886228,10.213329,0.744773,12.651775,6.357691,9.685622,-3.4449904,8.319011,2.243359,9.286221,4.3415303,9.239486,1.0785439,7.384723,-6.7976384,6.8870096,2674.182616211873,2785.7322950744237,5949.705689610342,0.11002163252225232,0.2947248,151.99908088235293,0.47191525,0.37581083,0.4165904,0.3709174,0.4541352,0.34577778,0.3715753,0.42392346,0.38758326,0.4706902,0.4230039,0.49815756,relaxed,66_Malcolm Todd - Chest Pain (I Love) (Lyrics) - 7clouds.wav,66,66
-121.61828,97.60542,121.29806,35.044277,21.028784,25.464062,27.23765,18.862234,7.2874055,9.097997,14.293481,10.425698,2.762089,9.978912,9.670445,8.531809,-0.0032703883,8.371227,6.1400228,8.441891,-1.3282671,8.318951,3.3935282,7.6867394,-1.1290325,5.9655323,1524.3259777606806,2155.893270950975,3346.246432372291,0.05060740373452012,0.22860968,103.359375,0.47259262,0.34193778,0.30141544,0.47610214,0.33303744,0.33914742,0.5120772,0.28939757,0.23209123,0.24273866,0.49639034,0.70729315,relaxed,67_Multo — Cup of Joe (Lyrics) - cezca.wav,67,67
-178.90295,135.7723,96.24174,35.76027,4.4375854,46.4552,7.9832716,24.693836,-9.004612,17.39832,-9.664738,19.930798,-15.069992,18.752613,-16.001503,20.85241,-3.8648682,16.421276,3.2341478,14.034439,-3.7850912,16.781742,0.07848118,12.407577,-4.257983,11.576222,1737.6753918045617,1859.6080942054368,3454.5374442180246,0.07544134275832043,0.1835591,117.45383522727273,0.42629457,0.27401474,0.38760516,0.21853104,0.4848526,0.17062496,0.13287842,0.29154807,0.16487823,0.131906,0.09854776,0.21005253,relaxed,68_NIKI - lowkey (Lyrics) - Dan Music.wav,68,68
-225.68477,112.0508,114.657036,55.117798,6.4536557,40.178474,11.824739,29.502932,20.22909,17.885458,9.425246,14.34215,-1.8691036,15.019654,-1.3430709,15.03393,-11.969466,11.973023,-4.673603,12.986567,-6.900082,9.35321,-8.145524,8.250763,-6.1399474,11.592617,1484.0095138292734,1695.3395010012457,2780.4248538179663,0.0691458403879644,0.14077832,123.046875,0.35136235,0.43025944,0.39352912,0.34508473,0.5111221,0.34732458,0.44214773,0.37236553,0.29299924,0.33531752,0.3039662,0.40837866,relaxed,69_Paul Partohap - BEAUTiFUL (Lyric Video) - paul partohap.wav,69,69
-66.307236,65.38876,100.17786,34.329086,9.100085,19.758034,23.485771,15.536408,5.8494234,13.47798,5.299895,11.947102,2.5779238,10.497571,6.2410026,9.387731,-11.050928,10.378021,7.8977375,10.241631,-5.5397468,7.9041834,-1.761591,6.953897,3.4599216,8.27649,2130.310709656822,2449.653723945904,4573.522344536087,0.07946739551083591,0.23614715,129.19921875,0.4654462,0.36466005,0.32739133,0.41308063,0.33704284,0.3587244,0.2841157,0.36405724,0.48992518,0.34810176,0.34131154,0.30633685,relaxed,70_Ricky Montgomery - Line Without a Hook (Official Lyric Video) - Ricky Montgomery.wav,70,70
-332.72858,119.59509,144.1145,58.862602,-40.925503,35.622597,11.014928,16.767159,17.293413,14.489165,-2.409188,16.450672,6.1952844,12.548666,-7.4982705,12.108876,-10.08649,11.536162,-6.7620106,8.681218,-16.652756,9.2199955,-25.3266,11.354072,-28.963856,11.851345,1114.681138323729,1159.3755355652725,2175.3201794698143,0.05896903117743808,0.06525044,161.4990234375,0.26724622,0.3520611,0.25468814,0.29564083,0.29979137,0.13846101,0.16825014,0.13012831,0.19621354,0.15217258,0.16448534,0.32597622,relaxed,71_THANK YOU 4 LOVIN' ME -  Paul Partohap (lirik video) - AnyTime Music.wav,71,71
-247.08011,125.01399,113.21224,36.29261,5.576842,27.266489,25.737053,20.039038,5.3079467,16.58964,-9.915282,12.933634,-15.605704,11.140715,-10.232285,14.533176,-16.215816,11.39317,-9.396136,13.559018,-13.595711,7.035494,-5.3249135,10.249824,-10.4604435,7.729618,1540.7871976153272,1685.3557299266836,3122.539451764464,0.07213864164086688,0.076499544,75.99954044117646,0.22985868,0.18227656,0.29992375,0.3533961,0.27221254,0.39694732,0.23297592,0.36598498,0.16267681,0.19231185,0.4537413,0.26187238,relaxed,72_The Walters - I Love You So (Lyrics) - Vibe Music.wav,72,72
-81.644646,56.507824,138.3042,26.544834,-29.6126,20.509264,52.312244,18.169464,-0.40554383,15.676208,4.4482303,11.740886,0.6823825,9.506953,8.490931,11.077232,10.709229,9.972186,-4.0515494,9.646387,3.297382,9.0503,9.103626,9.264171,-2.2224865,7.8112087,1422.6343288158673,1691.4395784269875,3077.0230603291893,0.055132319683630034,0.32536766,143.5546875,0.3763356,0.54667926,0.5950143,0.58131623,0.5130334,0.52129126,0.4448674,0.3512772,0.40798274,0.308354,0.37016335,0.3570498,relaxed,"73_Tyler, The Creator - Answer (Lyrics) - Rap City.wav",73,73
-82.09896,70.42972,143.32204,40.278004,-0.02464507,20.216698,32.98709,15.208345,10.514616,11.974833,7.4064026,10.512583,-7.9106035,9.953158,4.8406262,8.106961,-0.12364879,7.618361,-4.3031836,8.856173,-2.6382852,6.2188196,-1.3392249,6.43143,-6.966138,7.7599797,1387.04864713846,1837.3396732130632,2846.5577872544986,0.054509874467879256,0.2711486,135.99917763157896,0.25499544,0.35994676,0.40749863,0.30671564,0.34509033,0.31036684,0.4818528,0.31119397,0.26373515,0.4452472,0.35598975,0.31516433,relaxed,74_wave to earth - bad (Lyrics) - Alternate.wav,74,74
-133.43613,111.46858,148.55159,34.01852,-26.967297,17.159933,31.193024,11.228801,-1.7132448,11.831435,-1.5000076,9.9059305,-6.600033,10.208521,4.3035502,7.7410035,-2.803419,7.989314,-1.3013037,7.282178,-0.06489832,6.2917256,0.8935322,7.2734685,-0.13752161,7.4816732,1349.2734634466576,1570.2560209208625,2629.742431640625,0.06773655185758513,0.17896564,123.046875,0.27214333,0.6144529,0.29260987,0.18821028,0.30887783,0.37346628,0.37565243,0.17802985,0.3390771,0.47604138,0.2084495,0.27219135,relaxed,75_wave to earth - love. (Lyrics) [HAN_ROM_ENG] - hazelnut latte.wav,75,75
-98.643074,92.71532,81.616714,20.783245,-17.277624,10.698549,36.283768,10.428792,14.029173,13.827208,0.62252486,7.183598,0.91825694,6.567494,4.6834073,7.97822,-5.1426573,7.0554852,-0.4969448,5.3664584,-4.353314,6.2739716,0.60897374,6.206737,-2.4511328,6.2985888,2275.0019152248196,2341.5222172840568,4474.214611703028,0.10725256385448917,0.13767089,86.1328125,0.37481034,0.29978612,0.2633257,0.70387566,0.4420261,0.4177799,0.6273421,0.40558937,0.22854404,0.20903587,0.29856238,0.5606998,sad,176_@coldplay - Yellow (Lyrics).wav,176,176
-227.9079,82.275444,102.34429,25.520012,7.4473934,25.84082,42.343327,22.937996,20.50693,14.018271,18.369896,17.759514,0.87945426,8.154884,-0.5776351,7.584384,-6.229366,9.125263,-9.046881,7.7549734,-8.9788265,11.115208,-10.958111,11.66729,-12.636058,9.387637,1486.0113207457966,1952.9562854758394,3085.823007117115,0.06074868783862229,0.11198702,92.28515625,0.43685558,0.278502,0.2746196,0.20016971,0.37048194,0.49936122,0.24724929,0.14160632,0.20077164,0.37272605,0.23617433,0.21338089,sad,177_@ConanGray - Heather (Lyrics).wav,177,177
-273.26605,121.14438,141.32295,47.383167,30.28691,38.792995,29.3793,19.95429,8.536123,18.996222,-1.9050848,11.713793,-11.398705,12.954519,-8.027652,10.773203,-20.990358,9.971804,-18.613262,8.842183,-13.55702,10.223626,-15.71296,7.79698,-17.306675,7.845881,1305.0716271207884,1670.5099313624705,2376.1522983988,0.05581069804566564,0.09087549,151.99908088235293,0.07756656,0.07264417,0.1742527,0.14254636,0.33428627,0.5659417,0.2714144,0.49522382,0.26800573,0.31939384,0.16014446,0.25914714,sad,178_Arctic Monkeys - 505 (Lyrics).wav,178,178
-262.74246,122.15443,144.90213,62.53119,20.184181,19.459963,10.283175,13.40716,13.698115,14.98743,7.3902893,12.777123,8.6785345,10.950213,-3.6853733,9.369884,-14.434722,12.4165945,11.25131,12.368781,0.7720009,9.060356,2.9336598,8.669589,-3.2777095,7.0019345,1038.1771815763348,1571.235128262886,1968.0297662599169,0.033681958083397835,0.10336091,184.5703125,0.29322684,0.3465237,0.49416897,0.46772313,0.35037705,0.4247832,0.24797854,0.21970485,0.19873689,0.18738692,0.3061564,0.26059076,sad,179_as the world caves in - matt maltese  lyrics.wav,179,179
-392.38947,76.868515,135.41585,30.429909,68.676704,26.781576,34.68803,14.274983,11.980343,11.74672,6.4440722,10.234459,3.2451217,8.015876,-2.4454315,12.46546,-0.6811254,9.008952,-4.8320894,7.6283517,-5.970348,6.346802,-5.7058077,5.9264474,-6.3576193,6.2967734,568.8282582918084,952.6176331791868,939.7359842117356,0.026068625435371518,0.0486128,112.34714673913044,0.15016924,0.29471037,0.25603122,0.22917293,0.33057883,0.2516801,0.23266739,0.21329744,0.45552057,0.42547795,0.20341721,0.18732697,sad,180_Billie Eilish - everything i wanted (Lyrics).wav,180,180
-220.86331,116.322296,111.24712,56.782635,13.045058,18.638287,10.937835,20.042595,6.1717644,13.647043,22.475794,9.509248,13.413222,9.138213,10.667508,9.414822,-1.8810472,10.472927,-0.08875097,9.102265,-2.3885756,10.641311,1.3593017,9.473894,-3.1265242,9.054401,1881.6553373812758,2160.3739665641874,3875.393232693982,0.08239594923084366,0.09732765,129.19921875,0.5206147,0.30717134,0.31123263,0.26879877,0.42244166,0.28987643,0.42075709,0.5246839,0.3718991,0.43993914,0.40648168,0.6509285,sad,181_chamber of reflection  mac demarco (lyrics).wav,181,181
-124.67444,55.14485,159.3867,39.509266,3.0868838,14.518973,30.007038,10.37153,-2.7979457,8.224299,10.22132,8.499731,2.3846421,8.189526,7.061836,6.882624,0.2152511,7.724047,2.5405912,7.503216,-0.3011489,6.6758933,0.47157925,7.395182,-3.178403,7.0735397,1160.248254053694,1575.5259181745082,2264.2946414534154,0.0481837600377322,0.22508937,129.19921875,0.3864594,0.37517732,0.24798302,0.2957758,0.44131407,0.2510971,0.32379702,0.35933182,0.55965644,0.3833868,0.27650952,0.42366296,sad,182_d4vd - Here With Me (Lyrics).wav,182,182
-147.91351,106.93909,103.16332,36.665527,27.359133,15.265154,37.833668,15.1808815,9.438617,10.117048,15.535005,9.295006,6.516647,8.950466,8.79594,7.895759,4.9611263,7.793237,9.047463,7.4112434,-0.96715885,7.2017827,7.3235765,7.3706474,1.2793139,6.6945357,1765.6769264658171,2339.1157054360965,4051.225502793634,0.05180543125967492,0.1837393,161.4990234375,0.5023481,0.55730444,0.5557131,0.4771805,0.42194805,0.38080153,0.40732387,0.33001786,0.34230572,0.4146805,0.4249387,0.4734204,sad,183_Djo - End Of Beginning (Lyrics).wav,183,183
-133.76962,79.07483,115.446075,44.63752,5.430437,20.211325,13.094784,14.365566,1.5848124,9.953901,3.3990464,13.146375,-16.156748,10.266279,8.981775,9.004221,-7.3815155,9.839638,-4.38676,7.091674,-3.9229128,7.1429057,1.5724175,7.1184454,-8.73454,8.564169,1996.6004834416171,2232.1435067563543,4169.241455833979,0.08756485221555728,0.13228948,99.38401442307692,0.2546528,0.42838895,0.24942537,0.2442046,0.39490557,0.23642606,0.34564385,0.19636169,0.33421284,0.48716024,0.27489462,0.31300965,sad,184_James Arthur - Car's Outside (Lyrics).wav,184,184
-51.533764,47.698315,108.00699,20.020433,-15.326877,13.30251,19.496284,8.921464,10.28901,8.251233,8.8692045,7.495589,4.455382,7.531278,6.856049,7.009349,-0.25183436,6.9212747,-0.9024947,7.3206825,-0.81360394,6.744281,-0.27657437,6.494073,-0.59241134,5.6381702,1967.1422588498751,2312.333414712993,4084.200303399526,0.07545608189821981,0.20965096,80.74951171875,0.21676491,0.39961556,0.52600306,0.3628299,0.35549504,0.27733892,0.3938322,0.36966208,0.4288469,0.63806117,0.39773858,0.30332625,sad,185_Joji - Love You Less (Lyrics).wav,185,185
-63.57855,84.89084,103.726105,32.25847,-0.66572624,15.476413,25.224113,12.84404,15.228289,10.445538,12.107898,10.367948,6.963575,8.15963,5.092166,9.817302,1.0068046,8.252979,0.18524441,6.9473996,-2.3808253,7.3956356,3.5995533,7.110208,-1.4402033,6.706152,2063.5089917967093,2474.0187031330884,4508.647736823965,0.07290091972232972,0.23998708,86.1328125,0.29673484,0.36762297,0.26982397,0.26017728,0.36408836,0.23878106,0.2553784,0.30971828,0.5629364,0.787509,0.36663234,0.2862836,sad,186_Keane - Somewhere Only We Know (Lyrics).wav,186,186
-199.03787,81.4338,98.135994,33.080025,-41.280266,21.26324,4.860985,18.305906,-10.872217,12.079406,-16.831686,16.091217,-17.107725,9.195813,-10.89807,10.2854185,-8.264694,10.078909,1.8386979,9.972599,-1.487868,7.7927995,-0.15103169,9.475293,-9.923178,10.782415,2081.5124186477096,2001.2933953035058,3897.88476335744,0.10871740760448917,0.071843915,52.734375,0.27260205,0.6944989,0.25273892,0.28709388,0.29037204,0.18026774,0.24380481,0.17706929,0.4242867,0.21331687,0.12187683,0.1532929,sad,"187_Lady Gaga, Bruno Mars - Die With A Smile (Lyrics).wav",187,187
-284.17422,65.610085,143.91339,38.18331,30.503695,24.78342,28.15693,13.554343,26.647043,13.20941,11.805982,13.836948,10.194647,10.220399,-2.6958814,10.627465,-2.1939583,8.8099785,-4.380093,9.559034,-9.161449,9.112015,-2.6130102,7.2225184,-4.5253625,6.8985724,990.3566985732826,1557.3161921013557,1764.4309973938177,0.0314601272252322,0.109863244,129.19921875,0.291788,0.18961398,0.109490536,0.12269708,0.10351652,0.21233888,0.27086288,0.37247926,0.4337889,0.42367843,0.45755884,0.4164954,sad,188_liana flores - rises the moon (Lyrics).wav,188,188
-340.8028,92.18889,99.06322,34.60623,67.154495,28.892845,47.019115,25.092556,34.847706,23.578686,28.566883,13.564129,26.754335,13.160092,8.854468,12.6792145,7.7737103,9.119026,8.054107,12.490833,-6.0899625,11.10544,9.236845,10.967551,-8.185909,16.010002,1077.0310120894567,1859.6367788194143,2551.8012362737036,0.0210954884626548,0.15767777,99.38401442307692,0.5486877,0.45656887,0.42278358,0.35925817,0.39381927,0.37309447,0.28463528,0.25380358,0.18047494,0.170912,0.21591009,0.37726825,sad,189_mitski - first lovelate spring (lyrics).wav,189,189
-185.50232,93.78381,119.255104,36.983013,-17.093178,16.28256,18.503109,16.438774,-3.8404465,14.591217,7.2449803,9.725073,-16.746336,12.680284,-3.1039734,9.125736,-8.853242,8.605521,-8.635191,9.113688,-15.185681,12.103966,-10.473808,8.516741,-18.438183,8.493593,1565.4937586214764,1868.5519760995671,3150.0059523449595,0.06570821945143189,0.11177168,86.1328125,0.24153824,0.26481327,0.12744798,0.22729951,0.43688786,0.27280742,0.3771397,0.20337242,0.28069094,0.2706772,0.27744898,0.4215733,sad,190_New West - Those Eyes (Lyrics).wav,190,190
-213.09041,80.67308,102.86117,33.763866,6.193619,16.440804,32.075684,13.181499,15.656159,11.356381,15.687485,12.273444,11.786925,9.608217,5.8004737,7.5663986,-4.5352902,9.513065,-1.0515288,10.822489,-14.606155,7.5878754,-4.95372,7.9997287,-8.528034,7.076579,1699.5601197067358,2222.522435924834,3801.1603482367454,0.05278690680630805,0.09746534,73.828125,0.12035979,0.30553758,0.30944088,0.29480514,0.3769339,0.27479467,0.18058446,0.21378855,0.3439474,0.69494843,0.4675159,0.1676783,sad,191_Radiohead - Fake Plastic Trees(Lyrics).wav,191,191
-174.66223,82.10629,114.79546,42.485798,1.3000371,22.450027,12.632231,20.691717,0.46077895,16.549782,-7.640675,13.770194,-3.3712919,11.903207,-13.566525,13.008921,-22.782602,13.466802,3.3099158,13.302293,-21.128633,12.045165,-2.1584778,9.809558,-12.467028,10.945777,1719.713353760951,2090.542888487275,3461.1207377430824,0.06222222390189629,0.15129349,107.666015625,0.30785468,0.22336268,0.20270066,0.16916595,0.2598018,0.40949884,0.28537008,0.32186815,0.25346768,0.271892,0.17668161,0.14694336,sad,192_Rex orange county - happiness (lyrics).wav,192,192
-223.06712,75.53849,161.99805,32.443123,-10.451823,19.575659,13.420428,15.276076,2.1577342,16.187643,-3.7634647,9.1895895,-2.0051184,9.235399,-8.468376,11.08382,-3.4111948,10.78385,-13.853758,9.610891,-7.5571303,7.550629,1.0058031,8.871379,-9.878499,9.9472885,1159.121298216236,1419.415020939312,2083.262402797262,0.05819730492937306,0.10191317,57.421875,0.21564807,0.36851045,0.1909369,0.3554318,0.4063107,0.30083686,0.38911194,0.12717605,0.16515948,0.12378589,0.304251,0.35099277,sad,193_Rio Romeo - Nothings New (Lyrics).wav,193,193
-100.89242,72.13428,100.29979,36.905273,6.270686,17.743017,34.33134,12.328153,3.3088994,10.430281,-3.1543474,13.579761,6.628334,13.142762,-6.023504,9.952542,2.4722238,9.682749,-0.58820677,11.671537,-11.202772,9.780685,-5.360179,7.741844,-11.180083,7.651019,2190.6368077442585,2387.6530987125943,4551.730809639851,0.09473638859326626,0.1535504,151.99908088235293,0.2897569,0.30260658,0.26238003,0.3642695,0.55742234,0.40635237,0.333829,0.3054845,0.5401002,0.28798604,0.21632515,0.40753907,sad,194_Suki Waterhouse - Good Looking (Lyrics).wav,194,194
-149.94933,80.73178,90.11806,21.32304,-31.313684,12.311178,46.351063,10.239776,15.947894,6.820389,3.8901618,7.4538484,-2.2826416,6.2887993,17.798054,6.9434414,-0.15776604,5.693183,-3.6288412,6.365012,2.4572117,4.6240396,0.7244114,6.8334928,-6.79342,5.8102694,2148.9696228565003,2047.4938432939427,3931.701225540586,0.13887028649864552,0.073513076,89.10290948275862,0.27680963,0.74217486,0.4417357,0.38829622,0.54218405,0.32082677,0.281665,0.26423788,0.42757547,0.4880531,0.3272557,0.2710253,sad,195_Surf Curse - Freaks (Lyrics).wav,195,195
-205.39877,111.70675,129.95105,28.865938,1.8327433,28.396145,18.862965,11.901975,10.043363,13.939366,12.393354,9.777255,-1.3695748,7.589562,-0.373168,9.183668,-3.8864293,8.211219,-3.4346251,12.353627,-7.22099,10.981664,-3.601697,10.419528,-6.909942,8.333124,1291.9521468645346,1788.4322296175583,2635.925727584414,0.042692863535216716,0.1412894,151.99908088235293,0.18781357,0.41811538,0.5649236,0.39184314,0.39896202,0.3134847,0.5238865,0.381044,0.2157282,0.24360625,0.16017126,0.17161489,sad,196_Telephones - VACATIONS  [LYRICS].wav,196,196
-110.23687,102.5226,108.568054,40.992435,3.2247727,25.051596,22.431807,13.757925,8.050618,11.696243,8.424413,11.119359,-0.8588444,9.931058,3.3979568,7.7603984,-2.7636578,8.78292,1.9569285,8.105308,-0.9451496,7.1653194,2.075698,8.967593,-4.405748,7.5456924,1999.6425575702144,2266.088328828486,4115.0917832696405,0.08669713259481424,0.1891815,78.30255681818181,0.2533669,0.32857552,0.2635193,0.27262703,0.35428888,0.26564735,0.36218587,0.30799222,0.47756758,0.6564152,0.32505518,0.2952616,sad,197_The Fray - Look After You (Official Lyric Video).wav,197,197
-214.99301,60.731705,161.44499,49.260128,-10.230372,17.215225,8.064605,33.961697,3.297225,14.113119,-11.245006,19.729956,-5.688475,11.642224,1.3009291,14.636024,0.070410475,9.894442,-0.95485365,10.374207,-4.9138594,10.561848,-5.5821795,8.626648,-7.8759418,8.153142,1062.9041277898555,1193.2542257235536,1938.2632795871227,0.05742671246130031,0.12465474,86.1328125,0.35633242,0.28853083,0.5669548,0.3921393,0.18104334,0.27409732,0.26406845,0.37269545,0.29901406,0.58308506,0.57490844,0.3009931,sad,198_The Neighbourhood - Daddy Issues (Lyrics).wav,198,198
-97.94533,81.853096,127.632996,48.310055,-1.4487085,35.459343,22.748222,15.29612,3.624303,12.507385,-8.6093855,23.174376,-3.8599188,11.728326,-0.19631949,11.43447,-4.256041,14.026562,-3.8522522,13.529717,-6.224955,11.730986,-1.6079298,10.37591,-3.7488198,9.3755045,1711.1592062687498,2017.4187273693,3698.0109719669117,0.06522333954140867,0.2624336,117.45383522727273,0.21798475,0.3512996,0.5407028,0.35061702,0.23177738,0.29422268,0.43914482,0.44306543,0.26682225,0.35089013,0.50639117,0.28770864,sad,199_The Neighbourhood - You Get Me So High (Lyrics).wav,199,199
-413.3345,73.78292,163.75038,63.731964,59.569168,16.686432,17.39691,18.299465,8.488947,21.33905,-9.405806,13.5976515,-20.178757,11.267616,-16.2499,11.133547,-11.976623,9.506778,-10.629007,8.186548,-7.4049907,8.480906,-2.9625432,8.492621,-1.8524035,7.5461574,462.9578257051793,479.98613831386814,650.5793993687113,0.038361446038119196,0.072799526,92.28515625,0.5004837,0.24381381,0.24531357,0.22214387,0.6109057,0.46611556,0.258051,0.31110913,0.22736432,0.42673165,0.25174537,0.2280101,sad,200_øneheart x reidenshi - Snowfall(Lyrics).wav,200,200
-203.87479,108.40458,108.18549,55.848236,22.79952,28.07879,4.248362,19.181509,4.123343,15.484904,-16.142967,14.968387,-15.062993,12.560972,-2.1005144,10.243444,-15.736793,12.562501,-3.4154925,10.504333,-20.763975,13.133,-11.095928,9.530862,-14.425089,8.865345,1942.4785934497238,2125.9274380903357,4279.732454376693,0.07933512117840558,0.13789092,99.38401442307692,0.25781268,0.18629102,0.33977482,0.23183712,0.12849559,0.18626429,0.06755514,0.09438482,0.1310022,0.4612741,0.6148575,0.24113932,relaxed,100_The Script - The Man Who Can't Be Moved.wav,100,100
-246.28967,72.92057,153.22159,27.080723,25.761852,17.377583,23.148851,13.987929,2.9802434,14.336077,15.328946,10.379172,5.1319885,8.232382,-3.1500657,9.9008875,1.8216546,8.536299,-13.157385,10.359994,-11.250876,8.504936,-6.5765843,8.214539,-1.3924626,6.6805577,940.651134753385,1599.9674193065753,1557.3072498427825,0.03225150565982972,0.124714226,112.34714673913044,0.267355,0.36127585,0.2718308,0.24460179,0.32374737,0.1802023,0.13841547,0.17748074,0.35378295,0.5674522,0.3506326,0.25978482,relaxed,76_beabadoobee-Coffee_.wav,76,76
-236.82382,104.27658,171.521,49.049004,-41.428967,14.957399,19.91126,11.003043,-0.6739025,10.736885,3.4541378,8.607797,-10.869887,8.685248,-13.127765,8.220858,-11.030943,6.6695957,-11.409917,7.534963,-6.1432066,6.47054,-6.284104,7.1170573,-9.054197,5.3076625,1001.8547099393832,1101.8415737178905,1843.2888538844813,0.05687758501838235,0.07698432,73.828125,0.55546296,0.30169454,0.4839451,0.19264185,0.18234551,0.28153014,0.17110302,0.2828027,0.18077177,0.45923176,0.27358058,0.19411021,relaxed,77_Coldplay-The Scientist.wav,77,77
-283.22775,86.4888,150.9177,40.25817,-26.341297,31.79447,35.732166,21.313103,-4.1671143,17.926655,-30.516777,12.299958,-13.362172,10.668142,-17.988089,8.646818,-15.169741,10.289604,-12.198098,9.353476,-10.802666,9.761582,-14.085313,9.32256,-15.396172,9.228701,1179.6440953378437,1165.7560039395041,2207.236653141931,0.06369122484520123,0.070963435,161.4990234375,0.18082255,0.13816676,0.15849434,0.22561948,0.5615286,0.26597401,0.3324184,0.22870147,0.13133898,0.1984663,0.21002212,0.41000518,relaxed,78_Everybody Loves An Outlaw - I See Red (Official Lyric Video).wav,78,78
-240.33284,90.19019,115.824326,43.206966,24.244135,20.375555,32.91088,21.162374,7.377378,14.527201,3.0601666,13.334973,1.0597597,13.339576,0.84284043,8.979131,-5.575646,9.8139305,-4.366353,11.721791,-14.017944,9.782668,-0.8193213,8.41132,-15.434097,9.3293705,1398.3705458464815,1929.0096994426726,2812.391327187742,0.04718905705785604,0.105148785,103.359375,0.36570182,0.6726772,0.31005147,0.23660819,0.17990199,0.20539056,0.19232179,0.21438058,0.29636332,0.18650553,0.18351379,0.16212028,relaxed,79_Forest-Blakk If You Love Her.wav,79,79
-117.49642,69.225845,89.72812,30.879873,14.0969095,22.409061,14.534975,12.875875,9.461773,10.407125,11.771087,8.944447,4.608703,7.974371,9.5491,8.509247,-2.9182682,7.3968325,5.4873767,7.526949,-1.5148304,7.459167,8.739372,7.0117655,-3.613984,5.9478893,2345.4727162579024,2700.0442006542553,5399.659015667327,0.08908714081849846,0.13527904,103.359375,0.26999024,0.4130559,0.66915995,0.38117012,0.33146164,0.28422496,0.47354004,0.37500334,0.3163642,0.3670651,0.2696317,0.3921216,relaxed,80_Goo-Goo Dolls Iris.wav,80,80
-164.36978,111.723045,121.891594,62.033443,25.547243,27.832518,9.227182,31.025042,0.04002867,17.655874,2.898826,14.036293,-8.120835,14.065509,-1.4961745,14.187336,-13.308787,10.164825,-9.104487,11.221884,-4.8730445,8.224446,-2.83601,8.861665,-6.9565625,8.803659,1874.343842869872,2072.975986193587,3980.6925959631385,0.07053509880514706,0.15653758,117.45383522727273,0.2190299,0.16405,0.29999876,0.43012106,0.2579748,0.27482226,0.23354502,0.36564562,0.30244103,0.23201054,0.33371747,0.21491173,relaxed,81_Henry Moodie - pick up the phone (official video).wav,81,81
-274.43845,93.969345,128.18117,35.578876,10.054215,33.553513,7.422956,14.291225,7.272687,13.31098,2.689252,10.818035,0.02776854,10.317056,-2.0984242,10.895728,-8.688825,9.944145,-0.2833615,8.221948,-1.8301886,8.20029,-6.8875775,7.4984884,-8.736031,9.728883,1634.6666524511343,2053.6192801421653,3252.2720006228233,0.07126789860681114,0.0660244,112.34714673913044,0.35330188,0.40990475,0.28955427,0.26265472,0.26506436,0.3600399,0.5182014,0.39174452,0.40677363,0.44722423,0.42121962,0.3678107,relaxed,82_Jamie Miller - Heres Your Perfect.wav,82,82
-261.15445,95.4131,138.16666,35.645954,-3.640182,26.025454,14.951294,24.97793,2.942743,15.850596,-8.017251,14.0293045,-13.689344,11.332953,-16.941553,13.505172,-4.9466963,12.61692,-13.6459675,13.779162,-12.112332,12.038363,-9.642377,11.745113,-10.794586,11.08436,1106.857246908918,1335.2972550884042,2101.1789611249515,0.045861022760255415,0.09823771,143.5546875,0.14696789,0.23649016,0.29024327,0.15447207,0.18700387,0.20131671,0.4801288,0.18553145,0.25618282,0.2811389,0.17096387,0.24735385,relaxed,83_Lana Del Rey - Cinnamon Girl.wav,83,83
-177.78815,88.59062,119.47051,26.3989,-21.949,20.967272,50.93328,26.863161,13.752946,15.969208,-7.4862843,10.957492,15.176851,10.543755,-0.58307356,12.097091,19.929066,11.509597,1.7986996,10.090739,-1.5812986,11.254128,0.39218205,9.839404,-11.398578,10.715059,1687.2325184181586,1938.4717062945901,3573.853389397494,0.06867380998452012,0.116701394,151.99908088235293,0.19388016,0.38428092,0.48722765,0.38018888,0.38775945,0.21759085,0.21654274,0.1392787,0.24476671,0.32097363,0.18708168,0.20822847,relaxed,84_Lana Del Rey - Radio.wav,84,84
-139.57213,89.902794,117.815285,42.151497,17.213516,23.1059,22.839615,20.274752,15.712718,14.3815565,15.0154705,11.967091,7.124028,11.38908,3.1430666,11.224478,-11.756335,11.602622,3.0850868,9.530487,-9.947229,9.069688,-2.329748,7.726929,-7.987856,9.211564,1537.0754803977015,2033.3689739193974,2981.323639010497,0.05426989103618421,0.27087113,161.4990234375,0.3067378,0.32559058,0.22648592,0.23154385,0.24757256,0.3972205,0.35164306,0.29599145,0.35235927,0.32653552,0.29080364,0.21753742,relaxed,85_laufey-From The Start.wav,85,85
-203.47182,105.1268,143.64473,42.883156,42.845783,30.627138,22.22274,15.584562,9.5564,13.294967,-0.85954714,12.033122,7.4053707,14.658129,-10.587469,12.4485655,-1.2306415,8.516472,-3.0345154,10.829785,-16.669022,9.244596,-13.247608,10.518203,-10.026295,10.054892,1184.597226409658,1696.7995282417191,2410.902088271575,0.04191471253386223,0.1759456,143.5546875,0.21412252,0.34116122,0.36102334,0.19102828,0.20861928,0.3395356,0.25254017,0.40189373,0.23430859,0.24342573,0.32821825,0.20018412,relaxed,86_Madison Beer - bittersweet.wav,86,86
-313.45145,135.97543,96.72994,40.270958,3.194574,23.749945,-1.8150396,23.030912,-10.823709,22.205149,-14.782353,15.918825,-18.59438,11.910826,-20.012629,15.114172,-8.104417,18.18289,1.461063,23.651197,-3.479022,24.801624,-0.7911645,19.06988,-9.719881,13.75822,1573.4977861701902,1737.6187092354169,2868.5909873560854,0.06633142052051083,0.079077266,184.5703125,0.1233624,0.17300075,0.29667908,0.38831025,0.13876203,0.1920373,0.13549682,0.38829285,0.21760261,0.12453128,0.23455875,0.10980782,relaxed,87_Madison Beer - Reckless.wav,87,87
-256.9661,105.779144,123.162384,43.168365,-5.658721,26.626461,1.9636147,21.253885,-4.3029113,15.369825,-21.260197,14.150291,-17.531927,10.6151085,-9.188253,14.191805,-15.199293,8.903199,-7.095332,8.605323,-3.5042007,8.035082,-2.5333745,8.343692,-8.426673,7.803456,1548.785733224666,1772.7287287435843,2906.157426863632,0.07146026327883127,0.07559886,117.45383522727273,0.23141274,0.09502959,0.1456577,0.52321076,0.14437781,0.101649,0.0673749,0.19194296,0.4407083,0.23518655,0.37324372,0.18786138,relaxed,88_Night Changes - One Direction.wav,88,88
-204.88797,103.15046,122.08722,45.46842,9.841564,25.665144,20.620857,19.51312,18.796595,13.531062,1.1880099,15.10956,14.690347,14.086146,-3.3178427,13.0961485,11.876956,11.414953,5.057553,9.504106,-10.259064,10.746419,4.0870843,9.6797285,-2.4550302,8.7496,1657.6502081283447,2120.0376331919792,3343.2131173809985,0.0637233486116486,0.12142153,184.5703125,0.36813968,0.378063,0.24876207,0.23757216,0.29669794,0.22396694,0.25350535,0.23871705,0.41927457,0.506632,0.4379819,0.51274264,relaxed,89_NIKI - You'll Be in My Heart ft. Phil Collins.wav,89,89
-314.3921,94.49187,121.71545,36.249874,29.45544,16.92057,28.469948,17.618856,12.188804,14.567277,18.54783,11.122479,4.1141257,12.823549,12.241113,11.302666,-2.2687027,10.681122,10.222685,9.968214,4.6579194,9.899414,4.8105807,7.9842553,-2.0205479,8.765356,1122.1093717030415,1757.312219307374,2299.269429965654,0.031027401194852942,0.0877099,123.046875,0.15058947,0.29796684,0.24386044,0.21705042,0.26671317,0.28971025,0.37680867,0.42376852,0.52492386,0.5554523,0.3007102,0.17008431,relaxed,90_One Direction - 18.wav,90,90
-275.2767,132.10066,100.115944,29.454006,19.241339,22.616077,27.697073,18.56604,19.05102,18.631262,7.747189,11.358608,1.9356037,8.148783,5.455176,9.285789,8.346935,7.782924,5.950066,7.756944,2.488866,8.521639,6.091951,7.3728137,2.4079094,7.146233,1518.4396656915444,1977.345681147262,3347.3297591548953,0.05448493130804954,0.0924351,117.45383522727273,0.646756,0.4617284,0.33098203,0.31676036,0.40997684,0.3757836,0.40485984,0.4099993,0.32980752,0.34320822,0.38661948,0.5784817,relaxed,91_Ravyn Lenae - Love Me Not (Official Music Video).wav,91,91
-401.05692,59.776012,168.71466,33.263027,52.560337,30.1947,26.619698,14.402316,27.477621,9.369981,20.223097,12.826474,14.935599,10.149891,8.965595,6.3998837,6.630649,5.925863,6.73445,6.928949,6.159182,6.6370397,6.3690724,5.7268233,3.796256,6.804143,315.6202740204685,729.0644561793683,471.67214786305146,0.01067151521381579,0.064652674,135.99917763157896,0.60953295,0.57528234,0.586821,0.5808154,0.58498806,0.5743136,0.58419794,0.62433213,0.6242112,0.6350505,0.61389047,0.6373819,relaxed,92_Shawn Mendes - Mercy (Official Music Video).wav,92,92
-41.17891,81.420876,109.978676,32.900692,-27.42163,18.22258,34.001553,13.116596,2.8412182,11.397839,17.670837,8.06975,8.650521,6.177054,12.059707,7.654776,2.4174984,8.24917,9.820977,7.331544,5.618186,6.7416224,8.230863,7.139883,5.1204643,7.207592,1853.9171903321826,2033.1800457867037,3868.426608153541,0.072762598563274,0.28153536,92.28515625,0.4540649,0.5359868,0.44067857,0.53697324,0.4602301,0.59763587,0.4414275,0.36741102,0.47903016,0.42799628,0.43211427,0.3890188,relaxed,93_sombr - back to friends (official video).wav,93,93
-168.76315,100.01605,149.454,50.34606,-40.75546,31.975492,2.0791712,17.861906,-8.333592,14.582761,-20.797419,16.425545,-20.058714,11.191414,-11.49442,8.981996,-19.530014,12.987667,-3.3357115,18.43478,-24.147314,10.941903,-6.898599,9.902891,-14.588686,9.658831,1445.819997693667,1429.0181016779427,2772.324902797262,0.07936951250483747,0.15325084,103.359375,0.22957067,0.19931677,0.34837407,0.18303807,0.20307635,0.44901103,0.32349047,0.19900589,0.11987305,0.33536237,0.4566672,0.16866823,relaxed,94_Stephen Sanchez - Until I Found You.wav,94,94
-196.45834,71.892426,133.12033,37.710438,-13.252074,15.212219,18.9079,12.070787,-5.5363526,11.538619,-5.1467013,11.452814,1.6632309,8.514591,-2.4007797,11.157528,-8.212619,7.3584275,-13.378689,9.199856,-16.339117,7.3646226,-5.5357966,8.409206,-12.425765,8.106817,1446.9115013535306,1770.2136136612628,2795.7747609991775,0.06351473309307276,0.09565905,99.38401442307692,0.2460722,0.16793302,0.21178304,0.12557349,0.14167123,0.091175124,0.1552043,0.24026981,0.30785376,0.63560754,0.2847198,0.36940944,relaxed,95_SZA - Nobody Gets Me.wav,95,95
-314.12848,106.60245,132.19005,58.079395,18.750616,26.49666,6.413619,16.539423,-4.398094,14.534874,-10.808111,14.792164,-1.3987794,13.552416,-8.297149,14.110044,-10.059802,11.90347,-8.278919,10.567281,-9.690139,11.953703,0.4971748,7.7373652,-3.5782497,10.404553,1697.4389400397242,1883.6075265503705,3252.7219979017514,0.07637973466524768,0.048618123,151.99908088235293,0.20959166,0.08804406,0.11754235,0.061035145,0.065265276,0.06368263,0.25580466,0.7196232,0.30829713,0.350786,0.22144718,0.3403413,relaxed,96_Taylor Swift - Eldest Daughter.wav,96,96
-361.43695,101.92674,120.12122,27.73162,-6.8115373,19.49032,1.6755913,15.245387,1.7426906,11.171777,-6.882921,11.548796,-5.919538,11.329926,-16.309353,9.594947,-6.994334,10.786916,-10.624882,8.427127,-14.164802,8.0715,-12.040667,9.00259,-11.571583,8.876012,1595.8737272094932,1879.4135079871182,3124.5311063878676,0.07243077895220588,0.021609673,112.34714673913044,0.202064,0.44240597,0.3510589,0.19794048,0.38910726,0.15950307,0.16481136,0.1113607,0.31032324,0.4481838,0.21964021,0.3571817,relaxed,97_Taylor Swift - Snow On The Beach ft. Lana Del Rey.wav,97,97
-142.9384,108.21323,127.02558,40.002808,-1.3949505,27.179234,-4.7268157,22.06614,-12.798337,15.695854,-0.50361145,15.3672,1.0836371,17.694489,0.99064124,13.547742,6.7944736,11.580315,-6.601109,9.85452,-3.8922243,11.481431,-0.97158444,9.905938,2.1514041,9.536395,1610.8442087567396,1828.26429386841,3062.21481653928,0.0758566841621517,0.19326107,161.4990234375,0.2951381,0.50403106,0.22060144,0.18189353,0.33875507,0.26096433,0.29580924,0.18902394,0.31815577,0.46266642,0.24782772,0.2878237,relaxed,98_Teddy Swims - Lose Control (The Village Sessions).wav,98,98
-144.96289,109.55925,120.25279,24.007456,-27.976505,17.988209,12.974884,8.130121,-1.9151268,9.69786,1.5575818,7.1434374,-4.9011188,8.20014,0.40227455,7.1414742,-9.624699,9.03737,-7.7523317,7.900595,-9.075506,6.661805,-6.782441,6.48888,-9.353634,6.9250464,1756.644179164825,1962.7938102506866,3383.612873089203,0.0818895275009675,0.107632354,95.703125,0.16522174,0.4042738,0.7676057,0.38422987,0.42892915,0.30621427,0.5208422,0.21981545,0.18807386,0.40986052,0.17481007,0.18122958,relaxed,99_The 1975 - About You.wav,99,99
